id_image,fichier,classe,label_malade,taille_ko,sha256,valide,erreur,largeur,hauteur,ratio_fond_sombre,ratio_feuille,luminosite_feuille,nettete_feuille,doublon_sha256,probleme_qualite
saine_0001,dataset\saines\saine_0001.jpg,saine,0,8.249,08fead265cb88ae4d4fb05bb9f8ebf4e56d1917b14a60843ed8db75f6344868f,True,,256,256,0.0,1.0,149.49298095703125,54.613744255155325,False,aucun
saine_0002,dataset\saines\saine_0002.jpg,saine,0,11.793,4ef4ef9e5e8056959578408401c8a9b65b4333a31659ace12aea6cfaa7a0295b,True,,256,256,0.0,1.0,161.2996368408203,438.7500324100256,False,aucun
saine_0003,dataset\saines\saine_0003.jpg,saine,0,18.489,38262661465ce42987882af10f48a2ec4972e5633620f13eb3b97b20a8cfe553,True,,256,256,0.0,1.0,132.74171447753906,2477.2733064740896,False,aucun
saine_0004,dataset\saines\saine_0004.jpg,saine,0,12.938,f2598015f3d94a345b3904a8e4733d95d3dea4abea3afa91e56eed5a75058888,True,,256,256,0.0,1.0,128.11822509765625,647.5228345820215,False,aucun
saine_0005,dataset\saines\saine_0005.jpg,saine,0,9.224,b9d31873588ba3148b3755b883d55ef9c2aae4ed1ace293ecb25e61bf6342799,True,,256,256,0.0,1.0,130.95321655273438,143.72176420479082,False,aucun
saine_0006,dataset\saines\saine_0006.jpg,saine,0,13.513,91c7ec0d0f4d779d937e60ae1bf5d5cf66adf20d8963f59feacf2f0f12532489,True,,256,256,0.0,1.0,173.98365783691406,671.7495338616427,False,aucun
saine_0007,dataset\saines\saine_0007.jpg,saine,0,5.903,ef09e455e53977c1b976cc47c9492a434bd5c0e042a2bc18d8f0ff740a3d04cb,True,,256,256,0.0,1.0,129.87107849121094,35.59326082072221,False,aucun
saine_0008,dataset\saines\saine_0008.jpg,saine,0,12.231,4e50c7bb41bff52143cef2e9a1b1cd38cc561a036bb07c50d5f1903f070bc109,True,,256,256,0.0,1.0,163.9441375732422,223.54548579081893,False,aucun
saine_0009,dataset\saines\saine_0009.jpg,saine,0,6.808,148f56843b55d6b0c8b8c5dc5869a6ce1bdfb8c741d80f7df481efdf7bbca7a9,True,,256,256,0.0027618408203125,1.0,171.6010284423828,70.7171281427145,False,aucun
saine_0010,dataset\saines\saine_0010.jpg,saine,0,17.096,44b2372bfa2866837e42d5685b2dccbaed85ff32f48f98d475e4d0f98c8c4b0d,True,,256,256,3.0517578125e-05,1.0,140.7124786376953,2365.0320314688142,False,aucun
saine_0011,dataset\saines\saine_0011.jpg,saine,0,11.995,2b7f9e55821d779ff01cac7d5be1d538a5f44fb2292f5b7fa417a87991ce0ac6,True,,256,256,0.0,1.0,163.66683959960938,346.82146647921763,False,aucun
saine_0012,dataset\saines\saine_0012.jpg,saine,0,7.824,b67cd3bb0bf53278401f3a8b5cf4129b79307747b6fcff83e03bdb751e372188,True,,256,256,0.0,1.0,152.96450805664062,41.559751748805866,False,aucun
saine_0013,dataset\saines\saine_0013.jpg,saine,0,9.892,bfb6841bf57240826c880172db45da0770214da128baf3a75c0d5be93b6d06a5,True,,256,256,3.0517578125e-05,1.0,169.09593200683594,221.87440533726476,False,aucun
saine_0014,dataset\saines\saine_0014.jpg,saine,0,7.428,d7a1979a91ca8cdd461a8a7b023b033d9b8fba034e80838b4eb6dbfbe65c959c,True,,256,256,0.0006561279296875,1.0,184.68820190429688,29.36628352268599,False,aucun
saine_0015,dataset\saines\saine_0015.jpg,saine,0,6.37,705024485f6a4e7fd10e96f65b076371d624a811c40cfde667c9b6599eb63260,True,,256,256,0.0,1.0,144.7151641845703,17.516571409069,False,aucun
saine_0016,dataset\saines\saine_0016.jpg,saine,0,9.666,18cfaace8860c723c48ea31a33909dc8c0ddea03d9d0253d038dfc7cd16ab925,True,,256,256,0.0,1.0,137.8751220703125,168.59888261556625,False,aucun
saine_0017,dataset\saines\saine_0017.jpg,saine,0,13.503,c393f833ce99b3ed0e103a8433448c848953ec88d7f9e0045f69b16bb70ab827,True,,256,256,0.0,1.0,175.45448303222656,1042.6882377841976,False,aucun
saine_0018,dataset\saines\saine_0018.jpg,saine,0,8.067,f1764c205dd0f41b8d78db8bee4950449114836d5c9459f0922cb1f145c71df7,True,,256,256,0.0,1.0,153.90872192382812,31.218801624840125,False,aucun
saine_0019,dataset\saines\saine_0019.jpg,saine,0,10.397,d5fa22a4f721ad4b5f697a1c3936fb628700af4d5f8c0e4dd8f1cb9c2a0a9dc8,True,,256,256,0.0,1.0,151.75315856933594,278.05754162278026,False,aucun
saine_0020,dataset\saines\saine_0020.jpg,saine,0,16.386,2592da1592e561a67d568abfb99291460e1ebdbf799296907897b9717834cf74,True,,256,256,0.0,1.0,196.29029846191406,1607.8313058668282,False,aucun
saine_0021,dataset\saines\saine_0021.jpg,saine,0,10.21,46eeda224025e12459576dcd5dc077470158d219b6d505f6a10624bdbf952b2d,True,,256,256,0.0,1.0,134.06260681152344,227.1778975536581,False,aucun
saine_0022,dataset\saines\saine_0022.jpg,saine,0,10.37,1f3f7a5dd8197f0192ecea1de9059d7465b33b1202eb9010226915e69ff63f2a,True,,256,256,0.0,1.0,163.5918426513672,270.93652751203626,False,aucun
saine_0023,dataset\saines\saine_0023.jpg,saine,0,16.646,c4a1b000c1db3b96f7303bfed34ed2f78e3afaf98bc5d6e52f338972fe2d5a99,True,,256,256,7.62939453125e-05,1.0,136.0474395751953,2351.79253619886,False,aucun
saine_0024,dataset\saines\saine_0024.jpg,saine,0,9.991,77db1bfec6ab84db38b1a2197393fa55deb87327a515e8aa015ad43d32660b0d,True,,256,256,0.0,1.0,127.42045593261719,65.76915151043795,False,aucun
saine_0025,dataset\saines\saine_0025.jpg,saine,0,10.673,afd64b719177e10baeb5894192c6289de3264a458630853951bf0d9dce5e6a65,True,,256,256,0.0,1.0,180.26670837402344,253.18780678114854,False,aucun
saine_0026,dataset\saines\saine_0026.jpg,saine,0,10.28,2e002f3e270e40ccd29ea8315d4152357e15872298ddff29d092a2a894fbb8f8,True,,256,256,0.0,1.0,134.43710327148438,317.13792481063865,False,aucun
saine_0027,dataset\saines\saine_0027.jpg,saine,0,19.044,2c57fb5379ce4f55ab7bfac72984976b4f1ff6c8cba2fdfe7d563af4d84bcd97,True,,256,256,0.0,1.0,140.94387817382812,2355.586275931215,False,aucun
saine_0028,dataset\saines\saine_0028.jpg,saine,0,13.201,4aff6be351513dd3c107d6e96478d9e659ff0772c6fe12c7f93aa7cd8084756f,True,,256,256,0.0,1.0,150.82127380371094,473.53349257609807,False,aucun
saine_0029,dataset\saines\saine_0029.jpg,saine,0,8.35,22e0cbcaf3bca53f4f42415bb8c6ac9c7bd6fcebc280d7be1ce885664463d6ff,True,,256,256,0.0,1.0,67.1278076171875,100.35861287172884,False,aucun
saine_0030,dataset\saines\saine_0030.jpg,saine,0,14.762,b385f20bd1188cd03a95e5b93fd385896bc791ddf25d78a3e091cc25151e6adf,True,,256,256,0.0,1.0,106.57588195800781,2570.0389818192925,False,aucun
saine_0031,dataset\saines\saine_0031.jpg,saine,0,9.567,336445c2644c227e65c1c7bbb4441bc6ca18a62e1a5fe3fc14f63ee1db5341e5,True,,256,256,0.0079345703125,1.0,141.25694274902344,149.6127601840999,False,aucun
saine_0032,dataset\saines\saine_0032.jpg,saine,0,10.589,f6cbd1bddce82e16e7b1ee040c50d523ff024dffcdd6061bc26857a5abf043d4,True,,256,256,1.52587890625e-05,1.0,110.31831359863281,370.73793901409954,False,aucun
saine_0033,dataset\saines\saine_0033.jpg,saine,0,12.414,eb3a3235114e8f6847a85d013dc550eca8a37f01c617af0a2e6d5c1c759324e3,True,,256,256,0.0,1.0,173.52854919433594,459.84588623046875,False,aucun
saine_0034,dataset\saines\saine_0034.jpg,saine,0,7.178,d28c1ebe1b69629b43ace61cea04667d7e2329bcbe828c79708a46c7f39dbca1,True,,256,256,0.0,1.0,175.81021118164062,29.30499685346149,False,aucun
saine_0035,dataset\saines\saine_0035.jpg,saine,0,12.841,39023112ef0100fb5e828f3466afedd8d4a3e3ab01e07db9bcee816773a8c489,True,,256,256,0.0,1.0,158.50819396972656,508.3769044280052,False,aucun
saine_0036,dataset\saines\saine_0036.jpg,saine,0,15.383,b64723eddb4e8fef728beb4cdd0a74184b3580bc3562718d1929404e9ec3e25a,True,,256,256,0.0,1.0,150.65467834472656,1781.441523568472,False,aucun
saine_0037,dataset\saines\saine_0037.jpg,saine,0,12.612,1ef67c035b390e85bbcd63b5daac7cab87c564e3d8f0250390a792dfebc35bb1,True,,256,256,0.0,1.0,150.10888671875,921.7721273170318,False,aucun
saine_0038,dataset\saines\saine_0038.jpg,saine,0,6.777,c848c1d8b34368f03aa0dffc552e1d0063bad63a6282f42929449b0dbd483095,True,,256,256,0.0,1.0,59.16786193847656,99.21698898053728,False,aucun
saine_0039,dataset\saines\saine_0039.jpg,saine,0,14.524,2052c1900e7cc13d7a02f8617ffa540aa92ec4efd3b74d62688d0236a12b9c32,True,,256,256,0.0,1.0,137.25955200195312,1002.7577548883855,False,aucun
saine_0040,dataset\saines\saine_0040.jpg,saine,0,5.199,91277d232e801de4807146f1017fdf7e33633f4eca25c042919742370d71cb40,True,,256,256,0.0,1.0,140.92079162597656,5.6928131931927055,False,image_tres_floue
saine_0041,dataset\saines\saine_0041.jpg,saine,0,14.424,7e5da13f1f3f29da1e67b4b5acc84477ed95e53484e98f0aba8842e9c3fc2849,True,,256,256,0.0001678466796875,1.0,89.83963012695312,1131.4546081637964,False,aucun
saine_0042,dataset\saines\saine_0042.jpg,saine,0,18.352,5e5f8008bedc9a2414a34235547467518f38607aa094d09ffe0720cb46085032,True,,256,256,0.0,1.0,131.5485076904297,2450.070887800306,False,aucun
saine_0043,dataset\saines\saine_0043.jpg,saine,0,7.666,879e54aad3020ea62cfef0a3095a8edc2c188d7308352f69f9eca426c236defb,True,,256,256,0.0,1.0,173.3278045654297,25.673973347758874,False,aucun
saine_0044,dataset\saines\saine_0044.jpg,saine,0,9.174,311b2e0885957832badd9aaf34b539821109def335042f1cdbcaadf86ab2d52e,True,,256,256,0.0,1.0,121.41050720214844,91.64861523732543,False,aucun
saine_0045,dataset\saines\saine_0045.jpg,saine,0,10.725,d95bcc88812b646cff3578bdd6eb7977697d211568bc9d94121d81321169db3d,True,,256,256,0.0,1.0,162.13304138183594,153.18853009468876,False,aucun
saine_0046,dataset\saines\saine_0046.jpg,saine,0,10.531,4831f7aea053218a78da77cd5a1f0abf53a75b1e16f6e836aaa9f4ba0de0ea13,True,,256,256,0.0007781982421875,1.0,121.29891967773438,292.25779181323014,False,aucun
saine_0047,dataset\saines\saine_0047.jpg,saine,0,10.671,e390f120839cb6f114f9a7e622f1c72b06fca56687a056f9bd3dfa7702294fff,True,,256,256,0.0,1.0,149.66310119628906,222.99219243135303,False,aucun
saine_0048,dataset\saines\saine_0048.jpg,saine,0,5.749,570acfd952b8b4f754f91ff562b7509f8cc2a08be78710789935ddec7993ccd2,True,,256,256,0.0,1.0,136.1831817626953,17.09723761305213,False,aucun
saine_0049,dataset\saines\saine_0049.jpg,saine,0,11.277,d569b14301ee28f6db579b68d1173303bd1b39eef69580747e2da0a60bf60a04,True,,256,256,0.0,1.0,145.48345947265625,312.9727047821507,False,aucun
saine_0050,dataset\saines\saine_0050.jpg,saine,0,9.227,c5fedc5c4af05b52c5e1d28eb87ad9c430907deadb1740a900c7a38d0de3c364,True,,256,256,1.52587890625e-05,1.0,133.9356689453125,44.47019534930587,False,aucun
saine_0051,dataset\saines\saine_0051.jpg,saine,0,6.96,0f59a04336bb1ce4ebeb5d72901b84296001e1caf58d3e4c7f888993835666d5,True,,256,256,0.0,1.0,162.40614318847656,13.556372746825218,False,aucun
saine_0052,dataset\saines\saine_0052.jpg,saine,0,11.537,4f14f6bb8186e02cb79d6ea219a9ccbb0c8b189431725adbbc39911520712bfc,True,,256,256,0.0,1.0,178.60292053222656,372.0089508853853,False,aucun
saine_0053,dataset\saines\saine_0053.jpg,saine,0,10.133,efd23596efce72ec7684ef9a7ebeb115a785f5ec1cc0206a84c079d6fb1e905f,True,,256,256,0.0,1.0,144.4735870361328,196.7428640422877,False,aucun
saine_0054,dataset\saines\saine_0054.jpg,saine,0,12.188,6ab7a02f6a49970c4e8723cf70559c331cc75c2b5b567b9a63ccfd23b6ac9d7b,True,,256,256,0.0015411376953125,1.0,131.30821228027344,729.0780665052589,False,aucun
saine_0055,dataset\saines\saine_0055.jpg,saine,0,10.158,f9370934c72d6ffbae516a0fd671640878d214d1cf88941c917d409f8b0710e0,True,,256,256,0.0,1.0,143.90774536132812,162.1552175199613,False,aucun
saine_0056,dataset\saines\saine_0056.jpg,saine,0,14.039,eb9f9b622ddfb346910a2ffa6050b8968921374c6b499f3e8568448feb20b584,True,,256,256,0.0,1.0,186.0089569091797,617.1389132579789,False,aucun
saine_0057,dataset\saines\saine_0057.jpg,saine,0,15.679,8a494fba9e3f5c6148406cedf7df02ceeb54bd6b3c42c99765ea96e2ece6bdbc,True,,256,256,0.00018310546875,1.0,156.17274475097656,1397.4366237437353,False,aucun
saine_0058,dataset\saines\saine_0058.jpg,saine,0,12.537,fef9a376d42f3c458c75f268dcc1f35e71c897d10920af0058b296f08cdec42b,True,,256,256,0.000335693359375,1.0,159.8251190185547,781.8983825312462,False,aucun
saine_0059,dataset\saines\saine_0059.jpg,saine,0,5.782,88fcb687aa8586dc9779bec0b1c88d35639ac7cdef44f0334fee2c227211dd81,True,,256,256,0.0,1.0,156.28045654296875,7.838990958174691,False,image_tres_floue
saine_0060,dataset\saines\saine_0060.jpg,saine,0,13.658,5a77411f74846f8bc2a90c92dd578dd77581d06e4df75bb9739c8f9b7b990397,True,,256,256,0.0,1.0,134.22650146484375,976.1746359979734,False,aucun
saine_0061,dataset\saines\saine_0061.jpg,saine,0,13.829,20e620dab00118c1709da4efc6b97bc23745cd9ea75f5445a369c02f21d91ca0,True,,256,256,0.01165771484375,1.0,174.53932189941406,590.0312589099631,False,aucun
saine_0062,dataset\saines\saine_0062.jpg,saine,0,14.806,348479afee74db1eab974e13543bf92e6ac3982c3d0c728ef838db6b29dd5b7e,True,,256,256,0.0,1.0,128.1376190185547,1565.2285618633032,False,aucun
saine_0063,dataset\saines\saine_0063.jpg,saine,0,7.532,b958d5930aa3632682389ab67d11073b6f5e595bd383a991a08ed7edbdadc1b7,True,,256,256,0.0,1.0,119.4766845703125,43.876617445610464,False,aucun
saine_0064,dataset\saines\saine_0064.jpg,saine,0,5.772,88905740df341675129955587a4fa2dbee21920c5ed93dfcbc6c8ded563588fe,True,,256,256,0.0,1.0,136.41360473632812,8.272818751400337,False,aucun
saine_0065,dataset\saines\saine_0065.jpg,saine,0,8.73,7f99e06ba285e233ec00b6aa8c573c41aeac00da484e8885ab1f211fbd9c2651,True,,256,256,0.0,1.0,138.34600830078125,118.14297138154507,False,aucun
saine_0066,dataset\saines\saine_0066.jpg,saine,0,14.375,5952a7b19ff4da7086c621c59c0a4d3a228608d9c51366ce7bdd17d853e15513,True,,256,256,0.0,1.0,159.10731506347656,1023.9232444614172,False,aucun
saine_0067,dataset\saines\saine_0067.jpg,saine,0,9.841,00541056380e0d4c47c446e5f446b187edea55e55b453c7d7ff57c837a0a3286,True,,256,256,0.0,1.0,188.6309051513672,104.47314998414367,False,aucun
saine_0068,dataset\saines\saine_0068.jpg,saine,0,12.476,b2f1ee797dabe3767d38be82c84edca333b3ccbb77898e21bd0f4d03f880e0b9,True,,256,256,0.0193328857421875,1.0,106.94747924804688,633.6459350436926,False,aucun
saine_0069,dataset\saines\saine_0069.jpg,saine,0,8.909,fce93802f1429861d354f1a4bed19129057f4780da00b8bdfc9a1f96bf16ec90,True,,256,256,0.0,1.0,172.23095703125,93.10863482928835,False,aucun
saine_0070,dataset\saines\saine_0070.jpg,saine,0,16.912,d1eeff9056189032fb60d6cf9b243576e4901ce71abeffa2ec6eaa377dcd972a,True,,256,256,0.000152587890625,1.0,147.59864807128906,1785.4729615875985,False,aucun
saine_0071,dataset\saines\saine_0071.jpg,saine,0,9.88,710c01987698e5799ce8bbd9e52fc7ff6e4a5698ea6641f957b7fabf68ff0b79,True,,256,256,0.0,1.0,165.72219848632812,102.04660027078353,False,aucun
saine_0072,dataset\saines\saine_0072.jpg,saine,0,7.169,5d43fef281c81e11cc08e6ae12567263321abd301c9ab2b8ab92a6e9e806dea2,True,,256,256,0.0,1.0,144.1542205810547,24.023437993368134,False,aucun
saine_0073,dataset\saines\saine_0073.jpg,saine,0,13.784,f84eb246f3c0754d06c34d1f3b5c47d6d118e3a0f4a35ebf0dcdd30263f5767d,True,,256,256,0.0,1.0,125.46365356445312,590.8621053099632,False,aucun
saine_0074,dataset\saines\saine_0074.jpg,saine,0,13.784,17769a2a348a644bb00ce5516df5f72f87d9b9619d61088a9db011a66086ee81,True,,256,256,0.0,1.0,139.57826232910156,706.6197046032175,False,aucun
saine_0075,dataset\saines\saine_0075.jpg,saine,0,7.455,ed800aed9f6a13deabde0f9e2fe67475f0d6e9b3e9a6d48d770f47e85c41c51a,True,,256,256,0.0013427734375,1.0,84.47004699707031,77.95608694641851,False,aucun
saine_0076,dataset\saines\saine_0076.jpg,saine,0,15.108,c1ed0c8b0c4ee619bcc3ed3c0a5521a5ea9b45c787b66094d9e6499425dc58b4,True,,256,256,0.0,1.0,135.4777069091797,985.8871512224432,False,aucun
saine_0077,dataset\saines\saine_0077.jpg,saine,0,13.338,b3f41f7aa2cc67837f709ebc3431be3ce7fdcdee489826e18ba33b56f7e86333,True,,256,256,0.0,1.0,166.28028869628906,494.8869855767116,False,aucun
saine_0078,dataset\saines\saine_0078.jpg,saine,0,10.597,f191785f8c0b33048953f92db33d1b7a25549bf1bf7f88050321ccb686accc81,True,,256,256,0.0,1.0,162.045166015625,130.82843415043317,False,aucun
saine_0079,dataset\saines\saine_0079.jpg,saine,0,13.702,ddb0d4afd5ddd80f78408c1ea723c17ba15568cbbf0fed9e3e3eccbb5def77e5,True,,256,256,0.0,1.0,151.28086853027344,1144.4501520933118,False,aucun
saine_0080,dataset\saines\saine_0080.jpg,saine,0,8.914,a3c64700a1828397c9c7bdbec387c2a1baca680247e1f4107beb6e7cf362de4f,True,,256,256,0.0,1.0,156.59857177734375,98.65266740228981,False,aucun
saine_0081,dataset\saines\saine_0081.jpg,saine,0,10.492,a4370f5131f1979ceb261986ebb2f612393b341a0d26a45cfb1d9ae025803087,True,,256,256,0.0,1.0,172.2736053466797,149.45727146207355,False,aucun
saine_0082,dataset\saines\saine_0082.jpg,saine,0,8.525,2b7f098ec70f91c4e6c4a4ea8e441ad4c034f4a5e9d54bd91c5385b2f7b73e96,True,,256,256,0.0,1.0,161.5858154296875,141.40948503371328,False,aucun
saine_0083,dataset\saines\saine_0083.jpg,saine,0,7.001,8106bfae312f49b2c2c447f9f3f77f2682a03a3d7d89b4ba50afb3394206a696,True,,256,256,0.0,1.0,134.1727294921875,90.84681125334464,False,aucun
saine_0084,dataset\saines\saine_0084.jpg,saine,0,11.729,4c0c95ba763f0d2108ccf478a883791f4c40e7eee5fc06ceaf2cc212e357cafc,True,,256,256,1.52587890625e-05,1.0,139.7973175048828,322.10812274343334,False,aucun
saine_0085,dataset\saines\saine_0085.jpg,saine,0,19.408,6733f9b291c806c636c420c5c4ef0e8d0178c6c7edebd8c116ac1c4a38b42c39,True,,256,256,0.0001220703125,1.0,168.01736450195312,3298.317075191997,False,aucun
saine_0086,dataset\saines\saine_0086.jpg,saine,0,10.937,f27225d61758beb29beca3d98fba9e779840330d4dadedcb6bf4649104cff566,True,,256,256,0.0,1.0,174.37374877929688,144.2203025817871,False,aucun
saine_0087,dataset\saines\saine_0087.jpg,saine,0,9.267,9ca66170a08c74b0b6b0d1ba29f305fbd4b158a48db602ecded008dc69942ab8,True,,256,256,0.0,1.0,179.6721954345703,77.76556861936115,False,aucun
saine_0088,dataset\saines\saine_0088.jpg,saine,0,9.12,b67ffa5adab1272c4097fb9183cae2efedc543916561cc760bf4c96677b9b183,True,,256,256,0.0,1.0,138.34544372558594,123.21238630637527,False,aucun
saine_0089,dataset\saines\saine_0089.jpg,saine,0,8.3,3f9e39c06de44162987d5b112578f65ee2832649b12d26fd5fd3bd71fa088f28,True,,256,256,0.0,1.0,145.42657470703125,84.55814719107002,False,aucun
saine_0090,dataset\saines\saine_0090.jpg,saine,0,6.653,7706cbce603dec2f94e0889efc13828e9ad5fb510ac12def0cfa2e9dd33cdbb0,True,,256,256,0.0,1.0,92.5361328125,17.411172771593556,False,aucun
saine_0091,dataset\saines\saine_0091.jpg,saine,0,9.913,0ba80e2975e64f224dc2ec36d701f66bdab2634a98a008c5b553f023cc700476,True,,256,256,0.0,1.0,137.1853790283203,224.32355915009975,False,aucun
saine_0092,dataset\saines\saine_0092.jpg,saine,0,7.541,0600784e804b81a89a09b1f27c88943887b8a2fea9f4328016630514dce4c03a,True,,256,256,0.0,1.0,106.17404174804688,26.391886635683477,False,aucun
saine_0093,dataset\saines\saine_0093.jpg,saine,0,10.224,de6adf2b0524551f05c563313464f0ca1ccc552a5739d3af86d140c40838ad69,True,,256,256,0.0,1.0,169.01638793945312,177.348384257406,False,aucun
saine_0094,dataset\saines\saine_0094.jpg,saine,0,9.724,5108c0d104940d1c8ce6d08d537fb81d39cb67bd62630abd2561bf293c8db0be,True,,256,256,0.0,1.0,123.09072875976562,137.09782145917416,False,aucun
saine_0095,dataset\saines\saine_0095.jpg,saine,0,8.932,a91a0d3f1fd2cafa0ec1be14565275ed018b33517d57e6bea56802848eea08ed,True,,256,256,0.0,1.0,145.1744842529297,190.88319035968743,False,aucun
saine_0096,dataset\saines\saine_0096.jpg,saine,0,9.128,9bb392c0e2367be98bd738f08aa112017916b6528fd8a4735c649da8e5a872ab,True,,256,256,0.0,1.0,166.1820831298828,98.60221057292074,False,aucun
saine_0097,dataset\saines\saine_0097.jpg,saine,0,5.869,a83d779dcd4171bc4489cb5b53080e1427082a5be6d1f77513e91a8b1dc031d5,True,,256,256,0.0,1.0,174.96380615234375,9.003912396496162,False,aucun
saine_0098,dataset\saines\saine_0098.jpg,saine,0,6.823,e960cb7dcc4312e05e372c2052f8550c04b838a71ff01592f67874c3c7173c62,True,,256,256,0.0,1.0,173.36097717285156,56.53206010698341,False,aucun
saine_0099,dataset\saines\saine_0099.jpg,saine,0,15.317,3687962cc1138f00174d342d4cea521b372ef41ea702abf945a510a135db337f,True,,256,256,1.52587890625e-05,1.0,126.10061645507812,1629.4310600422323,False,aucun
saine_0100,dataset\saines\saine_0100.jpg,saine,0,7.601,6201e3aa03c18e2ff0933d5d373477b6a3d081035a3e41411bc28e9882d0c01e,True,,256,256,0.0,1.0,121.46914672851562,42.658324191113934,False,aucun
saine_0101,dataset\saines\saine_0101.jpg,saine,0,8.613,6fd1338123501489dcf91ca5636cd64d1f63d222f1a0eacc117b963b7e1cc683,True,,256,256,0.0,1.0,184.54344177246094,37.9445645136293,False,aucun
saine_0102,dataset\saines\saine_0102.jpg,saine,0,12.54,7369763b5b0c85261fec4cd9d124f713c8784cdb6daa35e75edc0eeb5acf06ef,True,,256,256,0.0001373291015625,1.0,145.1213836669922,587.4441412424203,False,aucun
saine_0103,dataset\saines\saine_0103.jpg,saine,0,5.904,cc2c700cb29bbbb403d332204e53b0ae1e3738447a87c0243efc4117fcd5a1e8,True,,256,256,0.0,1.0,111.52731323242188,16.173820338211954,False,aucun
saine_0104,dataset\saines\saine_0104.jpg,saine,0,12.719,e3af438cd642f766899a63206df975166086473860289583b7ebfe17768033a9,True,,256,256,0.0,1.0,157.84141540527344,376.9829521251377,False,aucun
saine_0105,dataset\saines\saine_0105.jpg,saine,0,15.884,533def71437e6b09560b57f5ec10fdf337658bbe318a0bd45ebd5872cbf09fa2,True,,256,256,0.0,1.0,101.63018798828125,2558.5000738194212,False,aucun
saine_0106,dataset\saines\saine_0106.jpg,saine,0,9.25,f9e332456c17452adaec70ce9398769870d4462b958c0420ebe68143a3a364e3,True,,256,256,0.0,1.0,166.54937744140625,41.86810145131312,False,aucun
saine_0107,dataset\saines\saine_0107.jpg,saine,0,6.21,5a1b7ef84d6000c894605fe9711b86e231f9cad809753085620c421975616d45,True,,256,256,0.0,1.0,158.11508178710938,13.614384441636503,False,aucun
saine_0108,dataset\saines\saine_0108.jpg,saine,0,9.783,8c25c8b07483919831155151c7fa13dcf86d7f3b9d37c08b86da17273572216d,True,,256,256,0.0,1.0,185.4951934814453,168.5023350380361,False,aucun
saine_0109,dataset\saines\saine_0109.jpg,saine,0,15.985,370e54594d1eae3d3951e754aa7540d361ea6584dc548b59ef8f91fb429c04c9,True,,256,256,0.0,1.0,84.1353759765625,1828.795373073779,False,aucun
saine_0110,dataset\saines\saine_0110.jpg,saine,0,7.478,7fb666becacf84c55e0b491aa7765876747d8283e20e7f9788edb4ac7a0298b4,True,,256,256,0.0,1.0,145.61984252929688,41.067069470882416,False,aucun
saine_0111,dataset\saines\saine_0111.jpg,saine,0,11.892,e89bdaeac5e5cdeb3bf34c4dc133bb3bf704c48aebbc96acd7ae54216cd147d6,True,,256,256,0.0,1.0,153.10948181152344,244.6227270802483,False,aucun
saine_0112,dataset\saines\saine_0112.jpg,saine,0,11.489,4872743072f74dbfbddf17bdc6d2f2e2cb1d06039025eb2f4abc4770c7598578,True,,256,256,0.0,1.0,152.8735809326172,340.00794772594236,False,aucun
saine_0113,dataset\saines\saine_0113.jpg,saine,0,12.308,37fad3410d9f7015cf935b81bc8a6649a1fd4d689cd5dc4c13dfbd6337bfe940,True,,256,256,0.000518798828125,1.0,161.0882568359375,714.6119627347216,False,aucun
saine_0114,dataset\saines\saine_0114.jpg,saine,0,5.465,ff3e6f88c6bbb51525b1ea89feddcfa603bf1d5c5746a8fd8c346f05814aa932,True,,256,256,0.0,1.0,189.50750732421875,4.115316388895735,False,image_tres_floue
saine_0115,dataset\saines\saine_0115.jpg,saine,0,8.138,951139c6801bb69838d5a3d7bf46d665e73fdccbda979555ee14f724ef942a04,True,,256,256,0.0,1.0,104.20750427246094,101.00618544127792,False,aucun
saine_0116,dataset\saines\saine_0116.jpg,saine,0,10.733,50ab29a441d0fe89f7202ed87ce4350f50ad3804b8dd8b4a363b9f7eec7ff2da,True,,256,256,0.0,1.0,120.44253540039062,234.39808224793524,False,aucun
saine_0117,dataset\saines\saine_0117.jpg,saine,0,10.877,1d2c237a6ddf7eef2131cef515413f1f60a4fbb037f59a2dadd53e660557edff,True,,256,256,0.0,1.0,156.9697723388672,262.3962677826639,False,aucun
saine_0118,dataset\saines\saine_0118.jpg,saine,0,15.923,deccbbbd918c533c3a2df435507f6c61699f30d4daea72ac13031abb17226d99,True,,256,256,0.0,1.0,162.72412109375,1184.0947626596317,False,aucun
saine_0119,dataset\saines\saine_0119.jpg,saine,0,9.853,00a17aa1f7df29160c0fce5a48079e6658eb4f5539a648985687ebe55c527ac1,True,,256,256,0.0,1.0,155.88453674316406,154.46319101913832,False,aucun
saine_0120,dataset\saines\saine_0120.jpg,saine,0,15.935,57b4afb8c971dd6144b0412bb3752df7ce254cbf11879b1a87281d6238ce0abf,True,,256,256,3.0517578125e-05,1.0,162.62295532226562,1231.3655282312538,False,aucun
saine_0121,dataset\saines\saine_0121.jpg,saine,0,8.078,83a652cfd3a4598533a14a3fc7ce93628aa360bb8f8367972e6fa6fa47a2d5d4,True,,256,256,0.0,1.0,163.0880889892578,62.114210977219045,False,aucun
saine_0122,dataset\saines\saine_0122.jpg,saine,0,12.802,38db89a25121fc55205e798de6293d82f0f338064d70c2c5dd0e58e54a56bd42,True,,256,256,0.0,1.0,157.03143310546875,458.03795858379453,False,aucun
saine_0123,dataset\saines\saine_0123.jpg,saine,0,16.75,527b4b39ec6c9bb66f8bce2c864ef0adf612e716ee41ed0457db6f980909e4ec,True,,256,256,0.0,1.0,149.9749298095703,1469.2332671573386,False,aucun
saine_0124,dataset\saines\saine_0124.jpg,saine,0,6.504,f118476a434dfcb48ac96ae7af3fb2819e59a0e5c6e300063bbe28a04dd5c146,True,,256,256,0.0,1.0,123.92095947265625,17.085770834004506,False,aucun
saine_0125,dataset\saines\saine_0125.jpg,saine,0,7.504,08305a30b8b096a98c316a43a0e86733e26dece5b7693302742392d654c326a0,True,,256,256,0.003936767578125,1.0,169.7152099609375,50.67420133855194,False,aucun
saine_0126,dataset\saines\saine_0126.jpg,saine,0,15.548,31a21fa099462e9a522bac711eef46e1f1d1a0c9d5d9032b54226fae23f85cdb,True,,256,256,0.0,1.0,174.8459014892578,1314.0842764840927,False,aucun
saine_0127,dataset\saines\saine_0127.jpg,saine,0,7.217,1b63add375440bcb3b56c9aee5ef09a111801f37d5729c35943c6022f38e315d,True,,256,256,0.0,1.0,209.6902313232422,52.73260891227983,False,aucun
saine_0128,dataset\saines\saine_0128.jpg,saine,0,9.361,bb38094d8f62228721f804c15c48efb34219f8aa69fc26abcfb5eed26a256b24,True,,256,256,0.0,1.0,138.56793212890625,172.3103238453623,False,aucun
saine_0129,dataset\saines\saine_0129.jpg,saine,0,13.13,31f062e70ea5a092c590cb263ee67b85eafac5d89fbb533d2a85a2da3c185514,True,,256,256,1.52587890625e-05,1.0,109.03314208984375,2241.005348112434,False,aucun
saine_0130,dataset\saines\saine_0130.jpg,saine,0,12.325,85692af0dc4dad1866af6e14aa1ba9ae5edec21f6dfb9bb307386ac8dd0915cc,True,,256,256,3.0517578125e-05,1.0,154.12686157226562,402.205570563674,False,aucun
saine_0131,dataset\saines\saine_0131.jpg,saine,0,11.111,65acc9fa5a9583e306e1e23e09fecf862610ef2dfafa97d631473494d66d3826,True,,256,256,0.0,1.0,173.5915985107422,112.10026495810598,False,aucun
saine_0132,dataset\saines\saine_0132.jpg,saine,0,8.623,0c1a4d722b89b64c3a312e881580440ec23c428222534f3fce31fe69b24302d4,True,,256,256,0.0,1.0,150.64158630371094,62.064836140722036,False,aucun
saine_0133,dataset\saines\saine_0133.jpg,saine,0,12.128,caaa06593ea85ea89e04f14b71b31392b6d8edd61ef44df5a9321a4a445f3010,True,,256,256,0.0066375732421875,1.0,158.11195373535156,1187.2082118829712,False,aucun
saine_0134,dataset\saines\saine_0134.jpg,saine,0,9.764,a5f48ee9322a85a4cd133ffb8e972e3c6ea0da6380f4addda278d5008c398b07,True,,256,256,1.52587890625e-05,1.0,124.29182434082031,192.8332616740372,False,aucun
saine_0135,dataset\saines\saine_0135.jpg,saine,0,8.506,b51e8d36a95ff1386588915afe3c0de1881e7eff301c4966e645c3d4a808040e,True,,256,256,0.0,1.0,83.741455078125,119.31028431560844,False,aucun
saine_0136,dataset\saines\saine_0136.jpg,saine,0,17.9,51726ee9b751bf6f90b7e44f518770526b47c7b86f8861c734f15f159a9b4433,True,,256,256,3.0517578125e-05,1.0,155.78260803222656,2499.5626011332497,False,aucun
saine_0137,dataset\saines\saine_0137.jpg,saine,0,7.804,69c59c803efb835c8b5acfc17d34657fb5f7ae4b414bb0085c0c9694b3a26e83,True,,256,256,0.0,1.0,186.20657348632812,28.13063415675424,False,aucun
saine_0138,dataset\saines\saine_0138.jpg,saine,0,11.933,be8727bbebf7278eec642e6bf15bbf725f2983c6a1391eb4b92ed16655f2f9c4,True,,256,256,0.0,1.0,122.29023742675781,445.86007710918784,False,aucun
saine_0139,dataset\saines\saine_0139.jpg,saine,0,8.214,8fd07fab4683cf95060757b5e4ba1cd99f9d8bbaecb84ab652a862459530fd61,True,,256,256,0.0,1.0,122.24903869628906,39.50826423987746,False,aucun
saine_0140,dataset\saines\saine_0140.jpg,saine,0,12.871,53d9e23cd1b27ba475e9b9dd09b372b46c1f4c5923bb3996782f6214915a8c48,True,,256,256,0.0,1.0,166.14910888671875,626.4620566831436,False,aucun
saine_0141,dataset\saines\saine_0141.jpg,saine,0,9.735,1724e0c7f70b3e1c5ee38a5f07aeb604be9faac71060fa4e8b02a9ad0a94772d,True,,256,256,0.0,1.0,145.81019592285156,101.05985420104116,False,aucun
saine_0142,dataset\saines\saine_0142.jpg,saine,0,12.643,61714422a67aa23ecf8ed53e366286598748dfadb607e47de29a439ad9e667cf,True,,256,256,0.0,1.0,98.66847229003906,786.4169779436197,False,aucun
saine_0143,dataset\saines\saine_0143.jpg,saine,0,10.857,847d1274ff2fed219d962720d8878c395b2e25f43d0623785770831a0de1faba,True,,256,256,0.0,1.0,124.74140930175781,258.3826090951916,False,aucun
saine_0144,dataset\saines\saine_0144.jpg,saine,0,10.139,11cf8ae778d134d5713fff43a7f4c49286980ee44763e7f4dab387d518360dc0,True,,256,256,0.0,1.0,182.62969970703125,272.1651678085327,False,aucun
saine_0145,dataset\saines\saine_0145.jpg,saine,0,8.892,c62c0e466322703f2dca8e2edb9b91261e6ff95a6377cb20bb3d43c621c199ba,True,,256,256,0.0,1.0,176.35145568847656,90.08308781287633,False,aucun
saine_0146,dataset\saines\saine_0146.jpg,saine,0,9.428,3e7a20c7761026956ec88ed5e25965c895de53017d52696f208b5ed3f4215e6e,True,,256,256,0.0,1.0,164.24449157714844,189.26730808522552,False,aucun
saine_0147,dataset\saines\saine_0147.jpg,saine,0,13.247,07727e5479751cf14f6eaf47a0168ebbea7fbd06ffc2c8b6445233f9047d67f0,True,,256,256,0.0,1.0,159.4429473876953,578.3594980200287,False,aucun
saine_0148,dataset\saines\saine_0148.jpg,saine,0,9.083,2cad0f9119c596aee363143028e505ded2a971f1e613e1c14992ddc75c0b4222,True,,256,256,0.0,1.0,160.0763702392578,108.64756583212875,False,aucun
saine_0149,dataset\saines\saine_0149.jpg,saine,0,8.836,66eae3b0aeb915ad57c7167f801552a28919101fd81075050bc3b5cb2c2b21c9,True,,256,256,0.0,1.0,158.5657196044922,168.41947577893734,False,aucun
saine_0150,dataset\saines\saine_0150.jpg,saine,0,10.058,28113285f6a27cf00c4356dce6a21085d122b5247f5cae0f6a46e9a4fcfd930c,True,,256,256,0.0,1.0,119.85879516601562,137.39057478960603,False,aucun
saine_0151,dataset\saines\saine_0151.jpg,saine,0,7.564,4691a35028c9407cf98e98db171b6ffe18708de0a44d09fabd86db8e6b7e363e,True,,256,256,0.0,1.0,170.51622009277344,34.506021111272275,False,aucun
saine_0152,dataset\saines\saine_0152.jpg,saine,0,17.969,fe14ef6759a16ca12269b4f29f947f95989cd1883df01d6e666a89fc3ed8d4f0,True,,256,256,0.000152587890625,1.0,122.43423461914062,2916.5214051669464,False,aucun
saine_0153,dataset\saines\saine_0153.jpg,saine,0,10.106,86268d1c5a3596266ad3cd604372e6841184309a4d29d2d6b374081b8c10b08f,True,,256,256,0.0,1.0,183.08740234375,203.4771029294934,False,aucun
saine_0154,dataset\saines\saine_0154.jpg,saine,0,18.198,bcb13322340ef9105406a3c618d820edf13626994237ebea2cd99a1d5f5df2ea,True,,256,256,3.0517578125e-05,1.0,160.0063934326172,2187.7098271315917,False,aucun
saine_0155,dataset\saines\saine_0155.jpg,saine,0,7.972,06078eb3f0f7334d105f7269d99fd796a4952d72a2b443f82b9223bb37b2d3fc,True,,256,256,0.0,1.0,165.9557342529297,43.76594110485166,False,aucun
saine_0156,dataset\saines\saine_0156.jpg,saine,0,12.948,176f4c8a7cb2c25227889de2a2bf851c7c062a803afb29d3ed5386a6c0cb8ce5,True,,256,256,4.57763671875e-05,1.0,89.61160278320312,1156.1299173794687,False,aucun
saine_0157,dataset\saines\saine_0157.jpg,saine,0,10.614,57ff91b35324e056c467b90038b6bb12d242d4eb7a95d30f474a3be6f25ca85e,True,,256,256,0.0011444091796875,1.0,89.65608215332031,1302.9860992727336,False,aucun
saine_0158,dataset\saines\saine_0158.jpg,saine,0,13.245,af94edc12934358d2ea7fa515d23b5c0fd0bb61e246280f7c314ee255dfa03a8,True,,256,256,0.0,1.0,174.0723876953125,1301.154572484782,False,aucun
saine_0159,dataset\saines\saine_0159.jpg,saine,0,16.473,d714923a97165def6e7f53d9399b5336d43d2740ea5bcd664282551237d756c4,True,,256,256,0.0,1.0,167.44439697265625,1564.2877537847962,False,aucun
saine_0160,dataset\saines\saine_0160.jpg,saine,0,9.874,3815bd2fa859a81b53b8008be5d36398e6cfc3bd6c2d4101c6406bd0d79115b0,True,,256,256,0.0,1.0,167.35546875,195.32800001627766,False,aucun
saine_0161,dataset\saines\saine_0161.jpg,saine,0,8.444,5a566179cd6578e755daacc9c2b55bffcece6a151cfa0c6aa9b8683d54249d47,True,,256,256,0.0,1.0,151.8587188720703,42.577879670774564,False,aucun
saine_0162,dataset\saines\saine_0162.jpg,saine,0,11.164,1a801419d8524dcadb58e85975eb9fd01bf1dc4c7d805e541846c5e6da887fdb,True,,256,256,0.0010528564453125,1.0,142.58251953125,580.1382355540991,False,aucun
saine_0163,dataset\saines\saine_0163.jpg,saine,0,10.938,47ed8f07e5ed4937eadbc0fdccd1577ee3dd009eda517b9dc9a88da424e285de,True,,256,256,0.0,1.0,158.24026489257812,292.9178002169356,False,aucun
saine_0164,dataset\saines\saine_0164.jpg,saine,0,11.433,b655021e151311867a5b36ec24c9efc941949265c97e76f79b3b8c70e93373b4,True,,256,256,0.0,1.0,187.0096435546875,249.15407702303492,False,aucun
saine_0165,dataset\saines\saine_0165.jpg,saine,0,5.1,51a594edfcc8acf9bafec4b397809062dbbe3c85970527eeb3810154a8d5b5df,True,,256,256,0.0,1.0,150.12741088867188,6.673740163212642,False,image_tres_floue
saine_0166,dataset\saines\saine_0166.jpg,saine,0,15.667,1a9c92cbf4b6a9b6fa4aac48d08c6651704bc231226a23ec5e7d28202ce07377,True,,256,256,0.0019683837890625,1.0,119.77078247070312,1955.7230214083102,False,aucun
saine_0167,dataset\saines\saine_0167.jpg,saine,0,9.37,fcbf29e45e0ad23f2c21f8a861a42cb337356ac75d24b1d9bc94f27236c3249a,True,,256,256,6.103515625e-05,1.0,148.21412658691406,168.9204250627663,False,aucun
saine_0168,dataset\saines\saine_0168.jpg,saine,0,16.336,73ee512dccc048d99070e243de9e8d513a60591166138a57d5b014bc531bf6e9,True,,256,256,0.0,1.0,143.40560913085938,2497.0551801898982,False,aucun
saine_0169,dataset\saines\saine_0169.jpg,saine,0,9.694,cef806339af795598b9012d4f6ec3743b937e94d53ee3dcfc65966e1b32d6a26,True,,256,256,0.0001068115234375,1.0,155.76036071777344,126.57216981705278,False,aucun
saine_0170,dataset\saines\saine_0170.jpg,saine,0,8.385,f769abb4d70e5a0eddc1b97ee47ba40e5d000291311667e5ec45d295d074a331,True,,256,256,0.0,1.0,184.7329864501953,97.10888450965285,False,aucun
saine_0171,dataset\saines\saine_0171.jpg,saine,0,11.104,59580f786f56da45df62a23dbdac1adf06f4203be4b437dbd62e52ec817cf9f5,True,,256,256,0.0020904541015625,1.0,95.43380737304688,471.83839904889464,False,aucun
saine_0172,dataset\saines\saine_0172.jpg,saine,0,12.709,83bfb2977634d2cde830c82b38468074a4908ec84b9d6e87509e6e7849342510,True,,256,256,0.0,1.0,172.5430450439453,394.8483581542969,False,aucun
saine_0173,dataset\saines\saine_0173.jpg,saine,0,10.975,bb7e1e631185e3d23d9a5dbfec864afca5b58191e7a03829c0e1268aa444cadd,True,,256,256,0.0,1.0,191.54714965820312,205.6225227713585,False,aucun
saine_0174,dataset\saines\saine_0174.jpg,saine,0,11.973,ed6ce0c3841c13184c87ab42a7ea7a836c7816992b254359c512218df1527a8c,True,,256,256,0.0,1.0,110.17572021484375,470.95636642631143,False,aucun
saine_0175,dataset\saines\saine_0175.jpg,saine,0,10.574,a4b4b005c71a38a767c4992b94db8dcc578e425963794c6ce4efb4b7ebc3bd4d,True,,256,256,1.52587890625e-05,1.0,185.89718627929688,250.81941093481146,False,aucun
saine_0176,dataset\saines\saine_0176.jpg,saine,0,8.043,48b8cfc5a40d41ed19cec9e61f879ace2e3d89b31f9e09ca16e728b502b310db,True,,256,256,0.0,1.0,148.90829467773438,33.78651616885327,False,aucun
saine_0177,dataset\saines\saine_0177.jpg,saine,0,9.237,8d8f88ffea3f80c8ec946aa0e8e3ce8c6f74acfcf9f70e725a9c24d5ed74368a,True,,256,256,0.0,1.0,156.17843627929688,97.30403060815297,False,aucun
saine_0178,dataset\saines\saine_0178.jpg,saine,0,18.873,4790713869ece61c5f9d0c348d989374d208bd3868c72f35caf596eeea5828f5,True,,256,256,0.0,1.0,120.08641052246094,3126.441270882031,False,aucun
saine_0179,dataset\saines\saine_0179.jpg,saine,0,8.898,e0395d61fb9a21c2cb08153717011ff8c43f7973110c4ef6c3e4d4c546165a81,True,,256,256,0.0,1.0,121.6678466796875,152.5445130856242,False,aucun
saine_0180,dataset\saines\saine_0180.jpg,saine,0,10.053,837a6f937c17a040025ad884e2bb929dd05a50be540d5b97eb5246668a0b7208,True,,256,256,0.0,1.0,117.19821166992188,283.34612628794275,False,aucun
saine_0181,dataset\saines\saine_0181.jpg,saine,0,7.247,29a3d93a97e8cadbc5f68a7ed26c34c78b9c921b9e7c470ef71b668aef3129e9,True,,256,256,0.0,1.0,166.67779541015625,9.38558366871439,False,aucun
saine_0182,dataset\saines\saine_0182.jpg,saine,0,11.938,9ad86d5026b25412adfddffee3612324a500b9111d474796b1412ca642c2b2db,True,,256,256,0.0013885498046875,1.0,104.891357421875,539.9828439296689,False,aucun
saine_0183,dataset\saines\saine_0183.jpg,saine,0,11.094,31c2be24181f64efa05ada26180ba9c2c89fad66d9d3847298524ebb5220a255,True,,256,256,0.0,1.0,171.8492889404297,150.48991182050668,False,aucun
saine_0184,dataset\saines\saine_0184.jpg,saine,0,16.384,7a6f7c27d418d670b2d795edabbebd78eb36c5ad341f341ee63602bfbce41a56,True,,256,256,0.0,1.0,168.58448791503906,1045.8217203372624,False,aucun
saine_0185,dataset\saines\saine_0185.jpg,saine,0,10.844,9cba5800340127ba0aeb9cc1fb7c8e5f6efb5e41215c4c1c91c74c88bdc2f647,True,,256,256,0.0,1.0,181.72767639160156,231.3841209411621,False,aucun
saine_0186,dataset\saines\saine_0186.jpg,saine,0,14.575,90a08502dfdcdbaba61e95c1722217c332e0200fe88835835b700b7d9d0b3042,True,,256,256,4.57763671875e-05,1.0,149.687744140625,1300.256581804715,False,aucun
saine_0187,dataset\saines\saine_0187.jpg,saine,0,11.242,46d077515423633990f511fb3d896f736e846453fb183ff82f8a7633c3382efb,True,,256,256,0.0,1.0,146.67091369628906,345.80998757109046,False,aucun
saine_0188,dataset\saines\saine_0188.jpg,saine,0,14.125,f57a750408ddfcf0a70fa4f0616374a36b4a8f2b1efa837e54df0d3eed6f27ce,True,,256,256,0.0,1.0,158.34986877441406,756.9727519021835,False,aucun
saine_0189,dataset\saines\saine_0189.jpg,saine,0,13.63,27c97dc1b71a1be5d3a9d3011dadd733394d5f06655e1f15c902bce2fe068b6e,True,,256,256,0.0,1.0,133.55642700195312,621.4001028453931,False,aucun
saine_0190,dataset\saines\saine_0190.jpg,saine,0,10.355,375498412c458b77b984910b03b8783fe9ba4e948d3e3e3b19e47bf34f1031a9,True,,256,256,0.0,1.0,177.06451416015625,189.68849738291465,False,aucun
saine_0191,dataset\saines\saine_0191.jpg,saine,0,5.938,cf086c657a6ddefc691dda9717559b13237ff1cb7c4316cbdcba36e6a6a7c15b,True,,256,256,0.0,1.0,125.05424499511719,10.232339642709121,False,aucun
saine_0192,dataset\saines\saine_0192.jpg,saine,0,13.656,f7dc7023d16458950980266a1bf73b97265094096344b5e082ff3d92fbb0c6dc,True,,256,256,0.0020599365234375,1.0,163.15646362304688,965.4653358419891,False,aucun
saine_0193,dataset\saines\saine_0193.jpg,saine,0,9.975,ce8b911a326c3b239522465687c2bc70c8569232d64fb51c24ff063818d3f77f,True,,256,256,0.0,1.0,154.60565185546875,230.52508632070385,False,aucun
saine_0194,dataset\saines\saine_0194.jpg,saine,0,10.892,1a6d50fa8266baaf7cf514119e59aabfa3d94aa784c0aefc49a1e77bd488e7e4,True,,256,256,0.0,1.0,188.69589233398438,394.74196122586727,False,aucun
saine_0195,dataset\saines\saine_0195.jpg,saine,0,10.192,859cf27e35e24e4b08f21897a5ad699122331d2fede54dd5726c9782c2b6f771,True,,256,256,1.52587890625e-05,1.0,107.79539489746094,269.477413845947,False,aucun
saine_0196,dataset\saines\saine_0196.jpg,saine,0,20.794,d1318a43d6d53fcdd759ad51c2cd2c2e2d06e153abad4af168ed0c8952e4c97a,True,,256,256,0.0,1.0,118.95497131347656,5078.545809178613,False,aucun
saine_0197,dataset\saines\saine_0197.jpg,saine,0,16.147,3fcbc8d56090f7860a08b000d963b24a3927174ac0d5f00f6bc48fad07d42d52,True,,256,256,0.0,1.0,128.28643798828125,1476.2308554500341,False,aucun
saine_0198,dataset\saines\saine_0198.jpg,saine,0,5.804,3b338e17759b2a0846bb4b79889e2e592fc0f5d4cc3c9113a0d028a24cf9c9b8,True,,256,256,0.0,1.0,134.804443359375,15.321355154505,False,aucun
saine_0199,dataset\saines\saine_0199.jpg,saine,0,5.353,5a75a7bced1d5cfe2ea66b096677df0477eedc1fa0c34db1f8757092614adb78,True,,256,256,0.0,1.0,138.88803100585938,6.741267826408148,False,image_tres_floue
saine_0200,dataset\saines\saine_0200.jpg,saine,0,3.783,b95d2d4e206b1a9f43ea68a70b841b8936c36786e61a994e24590c7e6ee11118,True,,256,256,0.0,1.0,163.98214721679688,2.4789407232310623,False,image_tres_floue
saine_0201,dataset\saines\saine_0201.jpg,saine,0,16.498,f61f48c13eba4865e98eed394de4a65762bc150e09cdcdd65cec07d1d5e113be,True,,256,256,0.0,1.0,141.6818389892578,2704.704633653164,False,aucun
saine_0202,dataset\saines\saine_0202.jpg,saine,0,8.791,750ff69c15e97484ec2ad69110b422e2bb1b895b044d35329829566915e13276,True,,256,256,0.0031890869140625,1.0,146.5020294189453,212.2113266994711,False,aucun
saine_0203,dataset\saines\saine_0203.jpg,saine,0,15.48,301da3e5ddbb4a2b0102832677657c247023f08f28e4691be637311b252acc00,True,,256,256,0.0,1.0,181.3613739013672,1121.364929271629,False,aucun
saine_0204,dataset\saines\saine_0204.jpg,saine,0,14.821,2704254f6cb1224c52377f0f31673f3e221c022e8299422db650eed376c549ec,True,,256,256,1.52587890625e-05,1.0,160.53404235839844,1099.8558687882032,False,aucun
saine_0205,dataset\saines\saine_0205.jpg,saine,0,11.511,f1bcf6ca282faae7d7f786c2fd6d2e3bd56604b6a92d34e020cc3564cde6c7e4,True,,256,256,1.52587890625e-05,1.0,129.16981506347656,408.92425083275884,False,aucun
saine_0206,dataset\saines\saine_0206.jpg,saine,0,13.025,ffff83d33436e26f4bf5b1701cf6d913bc312baf315360924918c639419208e5,True,,256,256,3.0517578125e-05,1.0,133.4784698486328,522.7448475824203,False,aucun
saine_0207,dataset\saines\saine_0207.jpg,saine,0,15.104,be77e4d681a447bcd667a7c70b0f3d25b7e38c0aebbbd5da6d54d44991b5072f,True,,256,256,0.0,1.0,149.42552185058594,2329.2123124450445,False,aucun
saine_0208,dataset\saines\saine_0208.jpg,saine,0,10.08,b67c6b1b70d8ac9cd8c993e159bfba1c4f40a3735078358b4ad6cc55068f05cc,True,,256,256,0.0,1.0,137.74609375,167.602933579823,False,aucun
saine_0209,dataset\saines\saine_0209.jpg,saine,0,9.944,e4b3ad010f86cdc80611d754caa35dbcf4c1d438f386c8e8a7bfae2073dbfe5e,True,,256,256,0.0,1.0,166.40318298339844,126.92599351122044,False,aucun
saine_0210,dataset\saines\saine_0210.jpg,saine,0,7.688,f1027b64340cb2191a3a8aca592701963a95a4bc9dae763305b9eafd118484d2,True,,256,256,0.000244140625,1.0,140.70945739746094,25.601326958974823,False,aucun
saine_0211,dataset\saines\saine_0211.jpg,saine,0,14.041,da5b711afd5654b00f44310d2de001150182e8548bf9b6e751b1adea2a922dba,True,,256,256,0.0,1.0,83.54618835449219,1831.5723223090172,False,aucun
saine_0212,dataset\saines\saine_0212.jpg,saine,0,14.81,c75693b42a8f4d0c7948010fe24b93749ba2e8c49d52128fc434e471d34d89d1,True,,256,256,0.04779052734375,0.9593658447265625,131.55403750417508,772.4431177736375,False,aucun
saine_0213,dataset\saines\saine_0213.jpg,saine,0,5.831,9b322303875c2952243b029867d0046f3e0581d630e44581d421ce96e72e87a7,True,,256,256,0.0,1.0,156.7745819091797,6.337165707489476,False,image_tres_floue
saine_0214,dataset\saines\saine_0214.jpg,saine,0,8.632,4147b7f6600c4ee078a7df49dff65a0db82f83c2f15333d5139baa79fae01fb5,True,,256,256,0.0,1.0,151.30364990234375,98.1336520833429,False,aucun
saine_0215,dataset\saines\saine_0215.jpg,saine,0,15.683,885198d06ff2d65395cfae322e3109ae2b98e0746535d2c4a7e8a416bcc374ae,True,,256,256,0.0,1.0,127.61679077148438,1917.0390571632888,False,aucun
saine_0216,dataset\saines\saine_0216.jpg,saine,0,13.624,580fb79981b1c7e13696567a3bed5aafc56becf4cbeb137b1c9cf4530c5a7111,True,,256,256,0.0,1.0,155.03233337402344,1135.1100496314466,False,aucun
saine_0217,dataset\saines\saine_0217.jpg,saine,0,13.564,64dd1a2e4fbf70c5fb6ced2dc29a87e63657a1603a2664294a8430c31dfe7756,True,,256,256,0.0,1.0,133.6348419189453,642.2674711716827,False,aucun
saine_0218,dataset\saines\saine_0218.jpg,saine,0,14.228,710a30e1816c8c5960d6e573063598e210c113064bfc7e9eafc03536f5766cb0,True,,256,256,0.01153564453125,1.0,120.57955932617188,1028.9638754641637,False,aucun
saine_0219,dataset\saines\saine_0219.jpg,saine,0,20.164,18db48ebe52e7f5b4787576238b852dcaa342b3dabc43fadc47453f6713c74ed,True,,256,256,0.0,1.0,129.3826141357422,3766.8667603582144,False,aucun
saine_0220,dataset\saines\saine_0220.jpg,saine,0,7.929,baf20aae1bebc1d765ec0a9efd594f70b9d236ec8b017f618702a9ac33bfcc91,True,,256,256,0.0,1.0,139.2521514892578,36.53848851635121,False,aucun
saine_0221,dataset\saines\saine_0221.jpg,saine,0,17.019,9e0ffdde90292832c57d473d2abf33937f66ee83ddcf6c1e4094d6bd49c9c186,True,,256,256,0.0,1.0,175.85227966308594,2082.478400723776,False,aucun
saine_0222,dataset\saines\saine_0222.jpg,saine,0,13.806,dce5a5a255dbd3c478ece68fc5448900c17f29e6b65351ee0ef34de16726185d,True,,256,256,0.0,1.0,185.7685546875,790.1917802037206,False,aucun
saine_0223,dataset\saines\saine_0223.jpg,saine,0,13.699,9bea095a7a008ee26922ab940d7eb265e0ddd4bd7c0eaf0e1ac72efa07ae2e3b,True,,256,256,0.0,1.0,173.2676239013672,867.7198917632923,False,aucun
saine_0224,dataset\saines\saine_0224.jpg,saine,0,12.925,3ce6f8c4bec669d526b821b4ec78d574865589c95621a9e560fd7656ea28fb81,True,,256,256,0.0,1.0,162.90219116210938,682.4540355892386,False,aucun
saine_0225,dataset\saines\saine_0225.jpg,saine,0,7.407,3185b4c856b3c221d8051e821830503bed9d70ce175c585b881188731037d04e,True,,256,256,0.0,1.0,160.76463317871094,20.633370503783226,False,aucun
saine_0226,dataset\saines\saine_0226.jpg,saine,0,9.999,5dd012fcb9f60a5292961605c120a3a8f4781130094f239819a51e02528c61c8,True,,256,256,0.0,1.0,128.90798950195312,376.8774751739111,False,aucun
saine_0227,dataset\saines\saine_0227.jpg,saine,0,15.699,932560a3c51d5246f98e9d7aa9dcc49c8a9528b617c0794000c90d2925ee7f80,True,,256,256,9.1552734375e-05,1.0,123.24177551269531,1353.3665935543831,False,aucun
saine_0228,dataset\saines\saine_0228.jpg,saine,0,5.267,e632dad41f73d4f42f97488b954ca21945b2d5991316accff3d6ed070a041e5a,True,,256,256,0.0,1.0,172.51495361328125,14.153944585239515,False,aucun
saine_0229,dataset\saines\saine_0229.jpg,saine,0,17.641,e0e375f39d68e4e47e028b8096baf6bcb8a056ea124450defba745ae80ac55b9,True,,256,256,0.0,1.0,159.74365234375,2086.8822784346994,False,aucun
saine_0230,dataset\saines\saine_0230.jpg,saine,0,9.843,98974e4b8986572ce30516a280bf93c9ed93a69bc8ba3150ae1e884b16c6354b,True,,256,256,0.0,1.0,149.57342529296875,97.73929580952972,False,aucun
saine_0231,dataset\saines\saine_0231.jpg,saine,0,15.107,0e5fb14ff3328ca29c69a150412b4843474265a2e5a8ce83c99c19bae8e5fb75,True,,256,256,0.00054931640625,1.0,129.28060913085938,1357.2971055572852,False,aucun
saine_0232,dataset\saines\saine_0232.jpg,saine,0,13.662,94a8ee51e2a3a3ea76544cdefa6efa63e2a278012f624fb776f4148613203a4b,True,,256,256,0.0,1.0,161.52513122558594,891.7210362215992,False,aucun
saine_0233,dataset\saines\saine_0233.jpg,saine,0,7.812,6265a55c76c1668e749d176c46bf7a3920fa05f8c33045b2334a6795c904a9fa,True,,256,256,0.0,1.0,139.08502197265625,50.23605915065855,False,aucun
saine_0234,dataset\saines\saine_0234.jpg,saine,0,9.564,a38ad3e5d89c2735359464f2718251bce3382cab2c358ee7762befcce5bad844,True,,256,256,0.0,1.0,141.2943878173828,128.6707181474194,False,aucun
saine_0235,dataset\saines\saine_0235.jpg,saine,0,10.409,27ebdae731380b78f23b7e3db9bb86734567d8bd9cf5d46611a99dbd84de05e9,True,,256,256,0.0,1.0,166.14263916015625,147.26168586220592,False,aucun
saine_0236,dataset\saines\saine_0236.jpg,saine,0,22.33,f64b7c493b47a86a0350f3e906b48b0715d2d924b3e4126a0460e77b2b814b6a,True,,256,256,0.0,1.0,109.34992980957031,4496.254323645495,False,aucun
saine_0237,dataset\saines\saine_0237.jpg,saine,0,7.271,a1152293588d29a977941473dffe2d1064a674bd56608302b72e8e7e46920ed8,True,,256,256,0.0,1.0,144.6236572265625,17.017850713571534,False,aucun
saine_0238,dataset\saines\saine_0238.jpg,saine,0,15.623,ded37b1f8568747834eae2d29bfeb6b447b574dbcfedf94142e31ec79dd574e5,True,,256,256,0.0,1.0,158.93112182617188,2053.0150240203366,False,aucun
saine_0239,dataset\saines\saine_0239.jpg,saine,0,8.352,62e447cb273c969ef54f4ffc066646eeae133592f1f4d557ce8f5dcfc2941321,True,,256,256,0.0,1.0,85.25894165039062,75.1543344175443,False,aucun
saine_0240,dataset\saines\saine_0240.jpg,saine,0,15.438,c1ce419099a2483419f1b858cab212fe0bc1b037075a0c434f52e0c354b4566a,True,,256,256,0.0,1.0,175.31222534179688,1035.1165929054841,False,aucun
saine_0241,dataset\saines\saine_0241.jpg,saine,0,9.131,05bf3488198001e4bbe243b60101aedaecf74f3df9a407130af8fb3a3cf5f900,True,,256,256,0.0160980224609375,1.0,117.86149597167969,135.53828166425228,False,aucun
saine_0242,dataset\saines\saine_0242.jpg,saine,0,6.886,3dcbbf61c1d4fc9d577549d21654f3b517d8cfbde486319be43e67b7658648a5,True,,256,256,0.002349853515625,1.0,155.39549255371094,52.85216802707873,False,aucun
saine_0243,dataset\saines\saine_0243.jpg,saine,0,7.811,27e0902d2628fa7473f02de9ef1e36f2cd47915bbb1bea5e0b62d24c3ba78a26,True,,256,256,3.0517578125e-05,1.0,165.2328338623047,68.04118021950126,False,aucun
saine_0244,dataset\saines\saine_0244.jpg,saine,0,15.834,9938bcc176379b8745182463155d60bf7af5237ed2d8401d968843b5d10af782,True,,256,256,0.0,1.0,149.581298828125,1378.3253620257601,False,aucun
saine_0245,dataset\saines\saine_0245.jpg,saine,0,12.98,84e1eb59bdd503264273fd0aca6ca2446ad164f18fa211e5165dcfaf5a5916f6,True,,256,256,0.0,1.0,176.3535614013672,506.7891159867868,False,aucun
saine_0246,dataset\saines\saine_0246.jpg,saine,0,23.535,83c525b30c0bc18f0366d83e584fe630bff68e1131dc88df99f38e17ca99ef68,True,,256,256,0.0,1.0,148.8642120361328,6182.188453256153,False,aucun
saine_0247,dataset\saines\saine_0247.jpg,saine,0,10.599,7dff5e40b8b763c26be269e725a65c0cdcb6e1fb3a78404be858780225c2032a,True,,256,256,0.0,1.0,174.10916137695312,281.45614618062973,False,aucun
saine_0248,dataset\saines\saine_0248.jpg,saine,0,10.666,6dcef49d6b167fe5c3ac0faad905a91040c49b7023c4cb9ddd00a4920cd71539,True,,256,256,0.0,1.0,142.1404571533203,263.0822057311889,False,aucun
saine_0249,dataset\saines\saine_0249.jpg,saine,0,13.387,c45980d06a8f32da3be8e5752bfe03d5e2bd9b6cad8f9110a8aa0e02db0d30f6,True,,256,256,0.0009002685546875,1.0,139.67633056640625,954.0286660334095,False,aucun
saine_0250,dataset\saines\saine_0250.jpg,saine,0,14.018,e69b2a60904b8a2931df203406b721c89e4b4431da72afc794824632d0d427e8,True,,256,256,0.0,1.0,130.8309783935547,1349.792024627095,False,aucun
saine_0251,dataset\saines\saine_0251.jpg,saine,0,15.879,9886284c96d86e81472b86cf735f7fad0e16e10f001fc3c94bc7a8845c576e94,True,,256,256,0.0,1.0,142.890380859375,1351.623104095459,False,aucun
saine_0252,dataset\saines\saine_0252.jpg,saine,0,8.757,e4eaf9f9f651bc7c7c8d5c90e497e1dc42d962c7bd23e50a7856e13ac5a630c5,True,,256,256,0.0,1.0,155.7790985107422,67.22606848902069,False,aucun
saine_0253,dataset\saines\saine_0253.jpg,saine,0,15.738,e85b89b7e97fb9a544b96c7b119d42f3915b3c18e6bddac348e43f0791fe276e,True,,256,256,0.0,1.0,172.9116973876953,1069.5006016753614,False,aucun
saine_0254,dataset\saines\saine_0254.jpg,saine,0,8.691,a89686bfdc1bd5eb3a03a280874fb8d2bb80ae1f626f8bf83e4f8f41c13d0d9c,True,,256,256,0.0,1.0,151.63470458984375,58.257871087640524,False,aucun
saine_0255,dataset\saines\saine_0255.jpg,saine,0,18.879,9f3a9a63effc7e6e5dec9dc9baee4dc545b1d9e5eebcbc571e93ffad3b53cc96,True,,256,256,0.0,1.0,157.9097137451172,2871.365364521509,False,aucun
saine_0256,dataset\saines\saine_0256.jpg,saine,0,14.944,7f2f095a81a29f4afc31c3f83a0e97a99c56a45c8b76599b6a637d19046f161e,True,,256,256,0.0,1.0,123.95506286621094,997.9694935807493,False,aucun
saine_0257,dataset\saines\saine_0257.jpg,saine,0,11.713,eaa5b0b5ca75b99875528dcf46928da1b86ed23481ed8a8310a33d457cccfd32,True,,256,256,1.52587890625e-05,1.0,151.75198364257812,371.0259412226733,False,aucun
saine_0258,dataset\saines\saine_0258.jpg,saine,0,9.065,c6415946e957c9c6909d5ba4660362eda683ceaf76ade51c5ef95e8c9a7bef21,True,,256,256,7.62939453125e-05,1.0,165.3162384033203,56.1448495388031,False,aucun
saine_0259,dataset\saines\saine_0259.jpg,saine,0,10.354,b56c7dceea5e6d2c1a6ca2b88643dffe61a608ae7456d0ec229be99482e83746,True,,256,256,0.000701904296875,1.0,120.64759826660156,288.9123620837927,False,aucun
saine_0260,dataset\saines\saine_0260.jpg,saine,0,12.839,be6bd400d8d074017d45363c1647058b975181221a32c4edbdda8534e50ef8e8,True,,256,256,0.000152587890625,1.0,122.04545593261719,623.601185610285,False,aucun
saine_0261,dataset\saines\saine_0261.jpg,saine,0,11.867,7d593901df88d1bb783ed7eb73f9d44dbddcd279f1c5b85c594b29c6c4ea1efb,True,,256,256,0.0,1.0,180.1906280517578,333.60057443380356,False,aucun
saine_0262,dataset\saines\saine_0262.jpg,saine,0,10.557,9cb1ab0e1876536df699e3ec5e4b16892df592485743e613b9b2204b10afda11,True,,256,256,0.0,1.0,186.29420471191406,188.01060245931149,False,aucun
saine_0263,dataset\saines\saine_0263.jpg,saine,0,12.21,3bb39f535cae377b2f44af07ca01b8d3f4d507fb0393d7c13a720c5438b69ab0,True,,256,256,0.001861572265625,1.0,164.91949462890625,355.00398141681217,False,aucun
saine_0264,dataset\saines\saine_0264.jpg,saine,0,16.204,01a08db49b37544eea801572f2613f8a783ab6f8cbbe9bc5068cada23a6c66b1,True,,256,256,3.0517578125e-05,1.0,158.7575225830078,1201.6583565582987,False,aucun
saine_0265,dataset\saines\saine_0265.jpg,saine,0,6.556,0b3a2a5b94898382695f4bad7765db32732eb2ebad608da631786c00cd762ae0,True,,256,256,0.0,1.0,142.12266540527344,19.37228348478675,False,aucun
saine_0266,dataset\saines\saine_0266.jpg,saine,0,12.5,742ac880e8bc92840ddade1dfd1b60a775751bc4f94f8c6d5b366ddba772321d,True,,256,256,0.0068511962890625,1.0,146.32884216308594,724.0706682333257,False,aucun
saine_0267,dataset\saines\saine_0267.jpg,saine,0,8.18,3d0e4cc6852270281bc1d5add016265bd6d917ec4589e7d2fbf71e150abc64b7,True,,256,256,0.0,1.0,87.09831237792969,53.114627254894,False,aucun
saine_0268,dataset\saines\saine_0268.jpg,saine,0,15.592,9175c41c304122192a150dae4fb1b452630f526ef205b8260dc267368853cf32,True,,256,256,0.0,1.0,170.73159790039062,1563.858225669479,False,aucun
saine_0269,dataset\saines\saine_0269.jpg,saine,0,8.004,1b506a86c8e24a8dccb0eed9d037bc41b9d1f902cd652682a4f7a8e2ff40f315,True,,256,256,0.0,1.0,137.1766815185547,25.62148507591337,False,aucun
saine_0270,dataset\saines\saine_0270.jpg,saine,0,9.673,03da3ed6d96006bf2da84211cd3fb54b9a1cec92dd495c4e43ec6bbd93a12dc2,True,,256,256,0.0,1.0,157.69627380371094,168.75336418952793,False,aucun
saine_0271,dataset\saines\saine_0271.jpg,saine,0,8.986,15fe92b5b2d2dc6366f7b14068281596fefa9e20a9d84ed99dddc740e2f4dc00,True,,256,256,1.52587890625e-05,1.0,130.29261779785156,149.7401724399533,False,aucun
saine_0272,dataset\saines\saine_0272.jpg,saine,0,16.517,44a2a53a90ba43e83eabb09c8b88ecc84df5ec9eb0bfaf5e19b29c4007dd0cbe,True,,256,256,0.0,1.0,158.60986328125,1531.8015899658203,False,aucun
saine_0273,dataset\saines\saine_0273.jpg,saine,0,9.619,037988be669a27a7e902b83503376a7706c292762f46be0d08207857ef0ac22b,True,,256,256,0.0,1.0,128.41429138183594,176.0534962778911,False,aucun
saine_0274,dataset\saines\saine_0274.jpg,saine,0,10.871,2b71af83170ec25b9950109d6e88f9e38145adf4e65151c0166465aec79884ab,True,,256,256,0.00592041015625,1.0,132.33242797851562,241.16887163743377,False,aucun
saine_0275,dataset\saines\saine_0275.jpg,saine,0,8.112,fcaa73312f2065a0e810f840d4c94942afc9f5641c82019b4a0f77d8fe81306a,True,,256,256,1.52587890625e-05,1.0,133.28712463378906,72.27403420372866,False,aucun
saine_0276,dataset\saines\saine_0276.jpg,saine,0,6.43,19ac25ce6560d70fca1a7d0dbf3318fbf879ca640af592748fde86056d8425d4,True,,256,256,0.0,1.0,177.79298400878906,11.989529467187822,False,aucun
saine_0277,dataset\saines\saine_0277.jpg,saine,0,12.274,2e0f115e198c23f314ca211b2022779e10b16fc3278963214f53afc2557b40b8,True,,256,256,0.0,1.0,143.39366149902344,475.177015758818,False,aucun
saine_0278,dataset\saines\saine_0278.jpg,saine,0,16.841,ab33e77cf38551ed40541e35ed487a2da07e587a4dd587ca8d5aa7bf9487951a,True,,256,256,1.52587890625e-05,1.0,145.20864868164062,2037.2957232517656,False,aucun
saine_0279,dataset\saines\saine_0279.jpg,saine,0,10.012,4a95412b89e045ff3bc8d3fc3772d114c5d1189c40e4235ba24fe371c7b0cc36,True,,256,256,0.0,1.0,162.9458465576172,222.73293824400753,False,aucun
saine_0280,dataset\saines\saine_0280.jpg,saine,0,15.31,8de2c31a1c4b8be6ac241480043114c88df19feb42741df3a5002db18af4ca95,True,,256,256,0.0020904541015625,1.0,156.24098205566406,1596.142011425458,False,aucun
saine_0281,dataset\saines\saine_0281.jpg,saine,0,18.293,5bf443738c555f8a3458e758be272b76a4f4ebb71ee7e4620778cc12f35e17e6,True,,256,256,0.0,1.0,129.63299560546875,2146.63101407676,False,aucun
saine_0282,dataset\saines\saine_0282.jpg,saine,0,11.021,dd9daa615ac9da8c561fa8b0ef2e99528608080c3c17387026acbcc3ae214c2c,True,,256,256,0.0,1.0,90.73965454101562,259.6213178054895,False,aucun
saine_0283,dataset\saines\saine_0283.jpg,saine,0,10.709,4c1f77a437e9be32a4dd63403d214defe56d9363e43d5c4421997a64d88d7652,True,,256,256,0.0,1.0,152.18785095214844,135.85278040147386,False,aucun
saine_0284,dataset\saines\saine_0284.jpg,saine,0,12.039,decbf2959236e028f43d6620a56568ba627b072d2885f9a45d0fcdcb627df458,True,,256,256,0.0,1.0,170.75384521484375,317.32799976109527,False,aucun
saine_0285,dataset\saines\saine_0285.jpg,saine,0,8.811,2d5377fbd93b9b59ca9455d3bf98c110d0a443da6f12d937347442440dc9a911,True,,256,256,0.0,1.0,128.5037384033203,147.2686688899994,False,aucun
saine_0286,dataset\saines\saine_0286.jpg,saine,0,12.431,e32fe9880ae759dc312c5189cd31b531e0b3997df1c164d0831c1b492633d2ed,True,,256,256,0.0,1.0,157.33685302734375,586.5443476354703,False,aucun
saine_0287,dataset\saines\saine_0287.jpg,saine,0,6.594,a6fe15cd5212e0eafc819860055dda8e77fdc3e2deb9ddf0191994751b9a28bc,True,,256,256,0.0,1.0,147.1853790283203,13.227645448409021,False,aucun
saine_0288,dataset\saines\saine_0288.jpg,saine,0,7.334,4120cf5fd5a7dff263efa2782a42d4034642094d72fd322fc7d1518cb87e22cd,True,,256,256,0.0,1.0,146.6920623779297,33.85982637829147,False,aucun
saine_0289,dataset\saines\saine_0289.jpg,saine,0,15.081,851c8c97e08afbf31d8596db87fe7f43f162f378c976efbd321688d47d86620f,True,,256,256,3.0517578125e-05,1.0,170.4889678955078,961.3893261514604,False,aucun
saine_0290,dataset\saines\saine_0290.jpg,saine,0,8.609,e4877bd929060a6797cb48bbf10913670d0592d954ad9cd882a783a8f493f35f,True,,256,256,0.0,1.0,175.67144775390625,180.27596770226955,False,aucun
saine_0291,dataset\saines\saine_0291.jpg,saine,0,5.062,a204e2dd8024d4fa5364c792430fcc5f6aca684a32bd24af7570007149edefbb,True,,256,256,0.0,1.0,102.08802795410156,7.172348961234093,False,image_tres_floue
saine_0292,dataset\saines\saine_0292.jpg,saine,0,7.667,faa6adf330a09f8048a686f20dc931faef4aa018311f7b486af245c1af068eb9,True,,256,256,0.0,1.0,192.0684356689453,31.457282564602792,False,aucun
saine_0293,dataset\saines\saine_0293.jpg,saine,0,16.535,95527d5e54968be0dd1c12ca711e6efbd727563dbded2541b0752a957a057089,True,,256,256,0.0019683837890625,1.0,151.5686492919922,2000.036242471775,False,aucun
saine_0294,dataset\saines\saine_0294.jpg,saine,0,9.896,a164d991f9ccb9e0ec995e2c046c55086b900c99b13aa31669dfe2b3aa4c3ba8,True,,256,256,0.0,1.0,161.86463928222656,84.20023218891583,False,aucun
saine_0295,dataset\saines\saine_0295.jpg,saine,0,16.25,476347a7700efc6d00ce391b8565892ce3c69f22e6f6b2f817b3b7ec1e9e6976,True,,256,256,0.0,1.0,139.72174072265625,1399.7596336565912,False,aucun
saine_0296,dataset\saines\saine_0296.jpg,saine,0,14.284,e5aa15ad5d006a35af241cdbef94d5b78843f4b50e33a496bf6bb45af87256cd,True,,256,256,0.0001983642578125,1.0,172.48947143554688,789.875547507545,False,aucun
saine_0297,dataset\saines\saine_0297.jpg,saine,0,10.661,c724168c59e6db6f36b997c4d67749eaf1c37e4c6a20bca451748e7ba17a821c,True,,256,256,0.0,1.0,159.16046142578125,212.34539537783712,False,aucun
saine_0298,dataset\saines\saine_0298.jpg,saine,0,10.237,77bc33f31fbb5708a0f79c5ceb23007fbfa2db932682d6256e2c45eb0c7c96be,True,,256,256,0.000274658203125,1.0,105.52275085449219,463.6040349022951,False,aucun
saine_0299,dataset\saines\saine_0299.jpg,saine,0,9.464,e0ecc33c61bd6d0e61aa009523a0c51fa239eb27f51a9535d89f89cdce08f9ef,True,,256,256,0.00128173828125,1.0,171.66966247558594,98.5842964684125,False,aucun
saine_0300,dataset\saines\saine_0300.jpg,saine,0,8.613,a4699ecbb059b91faf99ba5c9b46d7cd3277bb9bcc73fe7da0a643fda3a99852,True,,256,256,0.00335693359375,1.0,139.67184448242188,81.38104998972267,False,aucun
saine_0301,dataset\saines\saine_0301.jpg,saine,0,10.025,e8441974119c9ba4104c4a63c8b8edd53f2cbbf8790ab8384851c7a120fc60d9,True,,256,256,0.0,1.0,155.24574279785156,168.81997417565435,False,aucun
saine_0302,dataset\saines\saine_0302.jpg,saine,0,6.861,43e0f96faa2160e8d3a9a4c724cb71c8f3bb70525789fb6b96797f03e027cd2c,True,,256,256,0.0,1.0,181.62452697753906,39.74408255517483,False,aucun
saine_0303,dataset\saines\saine_0303.jpg,saine,0,15.648,b45ed218f6282dabfa133930102a5cf007d04954c8298814b11e2e1644410111,True,,256,256,0.0,1.0,161.51254272460938,1119.4201941182837,False,aucun
saine_0304,dataset\saines\saine_0304.jpg,saine,0,11.338,56fc3e5abb71c2f827c63885b06371a0a2beb170e4e5622c3839d3c81095d2be,True,,256,256,0.0,1.0,136.57449340820312,294.75733590032905,False,aucun
saine_0305,dataset\saines\saine_0305.jpg,saine,0,13.549,cc22ec7f675f75f6c3f9b1655cb86764fb860a0e8bcdca691db42ce8b7ff3999,True,,256,256,0.0,1.0,125.79039001464844,531.212337798439,False,aucun
saine_0306,dataset\saines\saine_0306.jpg,saine,0,14.029,5d89a1f2557eb30f43d40d96437894b2b626ab49ec92061791137983f3214550,True,,256,256,0.0001068115234375,1.0,147.2015380859375,754.2920701503754,False,aucun
saine_0307,dataset\saines\saine_0307.jpg,saine,0,12.298,8d6c067c2940f464d2b1ba745d2f681dfa2fbe774afc6b655f9142bf0d4d259f,True,,256,256,0.0,1.0,140.82394409179688,485.76638005673885,False,aucun
saine_0308,dataset\saines\saine_0308.jpg,saine,0,13.368,c6408276276ea7b3d76e6692bb4a9d430bd9a75c35f1b98db84a64d458baf7f8,True,,256,256,7.62939453125e-05,1.0,179.59027099609375,755.4170932730194,False,aucun
saine_0309,dataset\saines\saine_0309.jpg,saine,0,9.59,f8a4616012a25a419cd18962c6771c0c1d310200a75ec28e01b5552670fa9176,True,,256,256,0.0,1.0,133.19239807128906,165.59727321728133,False,aucun
saine_0310,dataset\saines\saine_0310.jpg,saine,0,8.338,5433d29fa88fbc46d03bac207e57500a32f30eaa29efa438f651c8bfc4007871,True,,256,256,4.57763671875e-05,1.0,157.1516876220703,48.814532125135884,False,aucun
saine_0311,dataset\saines\saine_0311.jpg,saine,0,11.735,b46d2b43157eb242f212ea490d937fd180c092f350e17ecc27311ab4136ef026,True,,256,256,0.0,1.0,166.4263458251953,339.43815878755413,False,aucun
saine_0312,dataset\saines\saine_0312.jpg,saine,0,6.672,296c1a91c361fb5f4bce497a8627ab52c701b737867fc6c1f58ff17de8046565,True,,256,256,0.0,1.0,184.27935791015625,11.39013403444551,False,aucun
saine_0313,dataset\saines\saine_0313.jpg,saine,0,10.62,71831d4da60aa26fa59db26ff5aca93f4fdd5d88bd55944746a997dde2d24782,True,,256,256,0.0,1.0,145.4179229736328,264.0662842085585,False,aucun
saine_0314,dataset\saines\saine_0314.jpg,saine,0,8.686,76f8f0e5d05664ce02129d31da6a0f0d60af56d5d17252867279856e9386a0c3,True,,256,256,0.0,1.0,157.23365783691406,62.44814995583147,False,aucun
saine_0315,dataset\saines\saine_0315.jpg,saine,0,13.501,f9d281d0a867fdc9c8b03a15c6fdd7542d95d47a549697bb314249ded37992e6,True,,256,256,0.001861572265625,1.0,178.735107421875,887.9272300151642,False,aucun
saine_0316,dataset\saines\saine_0316.jpg,saine,0,9.551,868c4f5b1a004e5f1344dfd12333ccc590724d9c3f3f97227748eba3f46d13fd,True,,256,256,0.0,1.0,160.57791137695312,42.90288960561156,False,aucun
saine_0317,dataset\saines\saine_0317.jpg,saine,0,17.739,b22a423b99e16f48a4503dbae4ad5d44074c80b108ed1141c0ea060109411e1b,True,,256,256,0.0,1.0,153.81134033203125,2650.631988722598,False,aucun
saine_0318,dataset\saines\saine_0318.jpg,saine,0,6.775,2aeabc0d9e233b146df46ed593142ba2b3deaf12e635c6209b08987bc25062b2,True,,256,256,0.0,1.0,144.16989135742188,11.900901980465278,False,aucun
saine_0319,dataset\saines\saine_0319.jpg,saine,0,12.857,a7faae3c0d7873614347f4933e65a2fcbc34bb7742978d3baa32b2bf2ead2f5e,True,,256,256,0.0,1.0,133.30850219726562,1042.8737920278218,False,aucun
saine_0320,dataset\saines\saine_0320.jpg,saine,0,12.727,ca1158166ddb7c2b18b43f81c220852aaada08e6112e6f724977cf3714451e4b,True,,256,256,0.0,1.0,86.97325134277344,750.2184227071702,False,aucun
saine_0321,dataset\saines\saine_0321.jpg,saine,0,12.43,337c2edf70a8edb4348012cfbfad4b78c783c10dd02a7e0ed77cc5ee5803a703,True,,256,256,0.00128173828125,1.0,142.3765106201172,663.1300546973944,False,aucun
saine_0322,dataset\saines\saine_0322.jpg,saine,0,5.525,88225ef634db9a9c92580f61546f4d73448ba0315bcbf65c8d02c98dcb61cd3a,True,,256,256,0.0,1.0,137.13844299316406,9.26931176125072,False,aucun
saine_0323,dataset\saines\saine_0323.jpg,saine,0,13.129,79d669e6f7e4f466b5359e91e057b1018d0ee31116bf527b75887c8ba7778218,True,,256,256,0.0,1.0,197.07164001464844,601.2180713301059,False,aucun
saine_0324,dataset\saines\saine_0324.jpg,saine,0,12.215,2edd58a1f16907203276547800d3c579b15376cd372d053036e1296fc4fb83a4,True,,256,256,0.0,1.0,161.7755584716797,539.6076436692383,False,aucun
saine_0325,dataset\saines\saine_0325.jpg,saine,0,16.844,aee65dca0045e9d92ef5e547a43733ed0cb46baa1e70e33a5078d118617bb24c,True,,256,256,0.0,1.0,152.27362060546875,1540.7460492691025,False,aucun
saine_0326,dataset\saines\saine_0326.jpg,saine,0,7.379,ada66184fe74a9d096a979c4c95fec0955f4570d97e1e967d028fff1aa7777d8,True,,256,256,0.0,1.0,147.60183715820312,41.87062621768564,False,aucun
saine_0327,dataset\saines\saine_0327.jpg,saine,0,5.652,57f479df0782963bbed6226d7f05fca02df3a54d2539a3b9f7c654a41cd0db75,True,,256,256,0.0,1.0,170.78646850585938,12.124238714575768,False,aucun
saine_0328,dataset\saines\saine_0328.jpg,saine,0,14.138,7d6188f202c48e0929999be9deaa9f8e106116067926c2303f83dddc1545bb6b,True,,256,256,0.0,1.0,128.93663024902344,1029.2966602460947,False,aucun
saine_0329,dataset\saines\saine_0329.jpg,saine,0,7.963,ced7179a483a1199d2906ad093d7c7c7697672560d4165436400e7504f6db56f,True,,256,256,0.0018768310546875,1.0,176.3224334716797,126.49211655464023,False,aucun
saine_0330,dataset\saines\saine_0330.jpg,saine,0,10.463,589296ccc73196b284f54235d080aaf2239d51498e083c109254c03d121f3626,True,,256,256,0.0,1.0,137.30886840820312,174.4781105183065,False,aucun
saine_0331,dataset\saines\saine_0331.jpg,saine,0,17.275,004de1ce5ed3aaf376fe971e96c3aa4e70595ec54efb430869ceb91b4a0abc71,True,,256,256,0.0,1.0,126.07644653320312,2563.694051578408,False,aucun
saine_0332,dataset\saines\saine_0332.jpg,saine,0,6.517,69b554694bcd5c0c23bf5cece01d8e59751a5edccbfa8f421086a4cb324b756e,True,,256,256,0.0,1.0,148.198974609375,17.743420656770468,False,aucun
saine_0333,dataset\saines\saine_0333.jpg,saine,0,15.414,ccaad9ca7a2b6a7394efb4b71eb7825bb293a185c97c94d37e279f07f40b2669,True,,256,256,6.103515625e-05,1.0,129.34156799316406,1272.7194936275482,False,aucun
saine_0334,dataset\saines\saine_0334.jpg,saine,0,11.678,1b59475d87988b0ad7884cff388fe7878df8e438d86b6243ad08bf4800bb9629,True,,256,256,0.0,1.0,149.5138397216797,345.62527847941965,False,aucun
saine_0335,dataset\saines\saine_0335.jpg,saine,0,12.491,2c165c895bbdf5cd21dcec3c94ca394538fca3b1969676a116e2139068bc34db,True,,256,256,0.0,1.0,130.04815673828125,514.5927519032266,False,aucun
saine_0336,dataset\saines\saine_0336.jpg,saine,0,17.317,f98f0ea7da2e1b0bc0354d25cfaeb457301d79bbac1893d3017863948d0c9aa3,True,,256,256,0.0,1.0,153.83767700195312,1581.0520442535635,False,aucun
saine_0337,dataset\saines\saine_0337.jpg,saine,0,15.545,ae365426cbbe46412e90e6d2b923489ad26d7e69920d0573983ab26c3494ec25,True,,256,256,0.0,1.0,160.10906982421875,1030.4516759207472,False,aucun
saine_0338,dataset\saines\saine_0338.jpg,saine,0,8.909,75090841c551416b38d987f565b7a8b3fa36410dcf5597bc03c20fa6de4d0641,True,,256,256,0.0,1.0,175.4615936279297,138.11401476617903,False,aucun
saine_0339,dataset\saines\saine_0339.jpg,saine,0,13.244,40e17fb7904610c696226a135be34597b9a11920c3783fad3b753c9848f8d7d8,True,,256,256,0.0,1.0,179.5499725341797,427.848127839854,False,aucun
saine_0340,dataset\saines\saine_0340.jpg,saine,0,10.328,1bed401b407bf4c4a822fc1aac8c80592588970d367e2138ae20020dc9f3d316,True,,256,256,0.0,1.0,180.13412475585938,252.60275219380856,False,aucun
saine_0341,dataset\saines\saine_0341.jpg,saine,0,6.654,ecd872e970f5da28292e03ded7e247fe194e591a18251dc6e41399616d77370d,True,,256,256,0.0,1.0,188.76626586914062,24.008787283441052,False,aucun
saine_0342,dataset\saines\saine_0342.jpg,saine,0,10.696,609b9c2131dc7d1007fcc90e78fadd4dd809f2aa852ce79fcdcdbc3c0f0fb88d,True,,256,256,0.0,1.0,165.56295776367188,311.138408861123,False,aucun
saine_0343,dataset\saines\saine_0343.jpg,saine,0,13.106,b8eaa68c91fc088d8f073b6243c2db5977698c55029ff02bc2d4119babbc8043,True,,256,256,0.0,1.0,172.67713928222656,557.7488792454824,False,aucun
saine_0344,dataset\saines\saine_0344.jpg,saine,0,7.02,a9a327b36ca77380d4521f5262df4064a2ff077ccae417fcbd2ab9f721f5ed52,True,,256,256,0.0,1.0,148.92308044433594,32.273119299672544,False,aucun
saine_0345,dataset\saines\saine_0345.jpg,saine,0,11.045,02cc14d92075b555ca8b2919a5188178c54a4cd34aa51176d9c5545c260321e1,True,,256,256,0.0,1.0,141.1571807861328,330.1810443466529,False,aucun
saine_0346,dataset\saines\saine_0346.jpg,saine,0,7.786,f1d5ba422789cfb826c858cf6ac03064d3bd067a8c109d9535c348cf9b96b961,True,,256,256,0.0,1.0,156.0635528564453,25.82684427127242,False,aucun
saine_0347,dataset\saines\saine_0347.jpg,saine,0,12.65,42c0fb40b519daab52fdf9c084de74e2056aeb2fc696c0ebb2132a4adde4eb01,True,,256,256,0.0,1.0,162.09756469726562,327.72268480062485,False,aucun
saine_0348,dataset\saines\saine_0348.jpg,saine,0,9.656,9b3888e9acc7080ef9fac671683cda8b38b22392eb756f7566d3c3a13206b344,True,,256,256,7.62939453125e-05,1.0,182.17803955078125,133.37945277895778,False,aucun
saine_0349,dataset\saines\saine_0349.jpg,saine,0,14.76,2b8798c6f94b6f116e7d25ea4a180c1a6e718e3465546eb139249f46dd0b76c7,True,,256,256,0.0,1.0,137.36631774902344,1492.1519379680976,False,aucun
saine_0350,dataset\saines\saine_0350.jpg,saine,0,9.196,258fbe64e2c6a93c140c171f49dc9b0080bca8c290732a7c5b96f6df2cbfb359,True,,256,256,0.0,1.0,132.97215270996094,97.03592125675641,False,aucun
saine_0351,dataset\saines\saine_0351.jpg,saine,0,14.161,bf2420d2c3a9629d82ec29375a6f97f96ca71ef0a90a27a891165b1dd4354985,True,,256,256,0.0,1.0,143.0285186767578,1601.010261807358,False,aucun
saine_0352,dataset\saines\saine_0352.jpg,saine,0,13.132,64709ae28e7520721b379c998d00fed53b1837d3fba14664a32caf959915f1cd,True,,256,256,0.0,1.0,179.19094848632812,1583.2339416658506,False,aucun
saine_0353,dataset\saines\saine_0353.jpg,saine,0,8.973,6e1b008ed81200d8192c786e006bb57063bfbfa79b46e79d6b8a741472e4e5b9,True,,256,256,0.0,1.0,151.8672332763672,94.99136424716562,False,aucun
saine_0354,dataset\saines\saine_0354.jpg,saine,0,7.861,72994c848d591c86b15f4f6c8a03d09d86d6f202c34e98f444594b18814280fe,True,,256,256,0.0,1.0,166.06793212890625,55.072240135632455,False,aucun
saine_0355,dataset\saines\saine_0355.jpg,saine,0,8.191,2632896b967a9655b4dd37f519c5addbefbda2b5aee0fc2f1ff85e917b67c909,True,,256,256,0.0,1.0,146.5432586669922,47.51085156737827,False,aucun
saine_0356,dataset\saines\saine_0356.jpg,saine,0,20.397,8d07b1e8d0c31d96ec54e8c01ab39da38a7926b62de40cf6ab54cb6318b8eb1b,True,,256,256,0.0,1.0,112.07255554199219,3644.664061087882,False,aucun
saine_0357,dataset\saines\saine_0357.jpg,saine,0,7.822,b1209aae9098c35cea506ab15e1932bb549aebc53de2f9167fee31b4d286d9b5,True,,256,256,0.0,1.0,156.86378479003906,104.25165348290466,False,aucun
saine_0358,dataset\saines\saine_0358.jpg,saine,0,5.176,dc82c5eb79d5f31b3cd6a883414791719120e7b9fa636527455a3b454b504e9e,True,,256,256,0.0,1.0,136.53082275390625,6.315172499977052,False,image_tres_floue
saine_0359,dataset\saines\saine_0359.jpg,saine,0,14.948,6f9021bf6f5672a0145a45e6ad53c0b5a03368537eb3956ac5b26514e6c6f0c1,True,,256,256,0.0,1.0,196.67149353027344,1114.6764884851873,False,aucun
saine_0360,dataset\saines\saine_0360.jpg,saine,0,6.162,8caf1a50b9f45e71b09ead52dd36cd01ccb29308e9cc68bc00077513b1025827,True,,256,256,0.0,1.0,118.61361694335938,10.105812444351614,False,aucun
saine_0361,dataset\saines\saine_0361.jpg,saine,0,11.48,5843d11b6f806188042e368c94eb6847e351934d2ffc77328182e3a84ec22676,True,,256,256,1.52587890625e-05,1.0,151.6909942626953,364.76898710336536,False,aucun
saine_0362,dataset\saines\saine_0362.jpg,saine,0,10.847,fe6224f01978656e426472d6effa3486dd571770f942713520b0bcb01850c7a7,True,,256,256,0.0,1.0,152.49148559570312,239.01409767917357,False,aucun
saine_0363,dataset\saines\saine_0363.jpg,saine,0,13.057,2ecd97770028d8c8cf31a74141f7fa18f402d934490c4c72c6e89f9a947fdf7c,True,,256,256,0.0,1.0,170.58348083496094,526.0388576013502,False,aucun
saine_0364,dataset\saines\saine_0364.jpg,saine,0,11.293,f7001ea9631748d5ee45ddbd2d7ba4378d3a74ee793df65c4b16d5dc9ca598b7,True,,256,256,1.52587890625e-05,1.0,134.2213592529297,251.8976732303854,False,aucun
saine_0365,dataset\saines\saine_0365.jpg,saine,0,8.313,2a07f18ce44f59b313c6c1739948e5387cb0052249000165cccbc0669fc3c3d3,True,,256,256,0.0,1.0,144.82240295410156,48.143958032131195,False,aucun
saine_0366,dataset\saines\saine_0366.jpg,saine,0,6.164,69ea55395a6e4546f2ca21a60e42855fb09ab6dd49a18a24bb2169c33e017d51,True,,256,256,0.0,1.0,181.9442138671875,19.84544271766208,False,aucun
saine_0367,dataset\saines\saine_0367.jpg,saine,0,9.839,26aea203e01d46efa2e8cbb608b2ede197b8038f0bfd6e8457198c8fbf73afa9,True,,256,256,0.0,1.0,147.75181579589844,205.09548041876405,False,aucun
saine_0368,dataset\saines\saine_0368.jpg,saine,0,11.037,8f5471f962c6ef7d285dc274277571c56feaef72cfa47402df59cee274446ab9,True,,256,256,0.0,1.0,176.44232177734375,174.8082542566117,False,aucun
saine_0369,dataset\saines\saine_0369.jpg,saine,0,19.176,ae1a89115b7cc3eb7c43b17bc4e5b899b63d9f0c972b3b09c2e860054f99a270,True,,256,256,0.0,1.0,125.59452819824219,2560.9595193041023,False,aucun
saine_0370,dataset\saines\saine_0370.jpg,saine,0,12.045,87c0054fbc4b15ccbc6626182f0482cded36ae54513cf0311eb427718c902ed0,True,,256,256,1.52587890625e-05,1.0,154.7254638671875,263.6943912273273,False,aucun
saine_0371,dataset\saines\saine_0371.jpg,saine,0,8.332,99450057058be1985da62bd9a9a232ea2a04ac95093035a96268fbccb871b2e8,True,,256,256,0.0,1.0,159.16249084472656,58.70760370022617,False,aucun
saine_0372,dataset\saines\saine_0372.jpg,saine,0,11.229,80e99ce54b54f868ec862f8307ce0169d86236935e9ced99c67c21bfdc952123,True,,256,256,0.0,1.0,117.56005859375,335.5103180797305,False,aucun
saine_0373,dataset\saines\saine_0373.jpg,saine,0,8.265,e9a6a9db978a87c91a8dfeb98571d259d982d1f20932257b83221ea19e7052ce,True,,256,256,0.0,1.0,159.6794891357422,68.83441091491841,False,aucun
saine_0374,dataset\saines\saine_0374.jpg,saine,0,11.587,c2386b35533897f68d3753db7b79e83d0ac89f6f9116d3c248b1b18116635a56,True,,256,256,9.1552734375e-05,1.0,106.48779296875,816.5741111410316,False,aucun
saine_0375,dataset\saines\saine_0375.jpg,saine,0,10.766,2d7e10a1bd9e8e7a1e5bd3a133585d1d004c7ba8f3f2e0c428c998dc9ac5e4e5,True,,256,256,0.0,1.0,121.58187866210938,255.1995812645182,False,aucun
saine_0376,dataset\saines\saine_0376.jpg,saine,0,7.916,9704029b724429fd9f8218019c8fcaf4655157fc50ad587352617db41bb936bc,True,,256,256,0.0,1.0,155.29171752929688,26.956398904090747,False,aucun
saine_0377,dataset\saines\saine_0377.jpg,saine,0,10.504,5d0c89cd3ecc1b116eebeecf3cb2e3117d6f3916670286a54c3b10ff9481d055,True,,256,256,0.0,1.0,148.22531127929688,151.96478982176632,False,aucun
saine_0378,dataset\saines\saine_0378.jpg,saine,0,9.379,86b2d7465566d01d261324bd7b3a1add5b785243dd6bae5aa2e166d06bae2a4d,True,,256,256,0.0,1.0,149.91407775878906,226.80557054281235,False,aucun
saine_0379,dataset\saines\saine_0379.jpg,saine,0,10.178,6bdf3c9f205473170f793eb7e409d34bb07b660a661ea75478a9919a09483a94,True,,256,256,0.0,1.0,153.24012756347656,229.03963725175709,False,aucun
saine_0380,dataset\saines\saine_0380.jpg,saine,0,17.88,c37666bb376c485182dcfbb25d8b81e9ed2e19bbc6cb419fa2bc4ff567c0e70e,True,,256,256,0.0,1.0,162.51470947265625,2812.965377627872,False,aucun
saine_0381,dataset\saines\saine_0381.jpg,saine,0,11.463,2160b4de36c676fb46df1a29d077b39406eff830a03c39d2fd840d6b96d9937a,True,,256,256,0.0,1.0,149.96678161621094,295.7183656543493,False,aucun
saine_0382,dataset\saines\saine_0382.jpg,saine,0,6.573,8d1a3861721332937070d3b0748d92280958daa3e01efbea5c48b14a936a1b67,True,,256,256,0.0,1.0,122.09014892578125,22.479751903330907,False,aucun
saine_0383,dataset\saines\saine_0383.jpg,saine,0,10.86,fb35eec32a185cb84f038994f36e006174e38b02b0bb655210c8d673488d3c44,True,,256,256,0.0,1.0,158.70166015625,183.5055305378046,False,aucun
saine_0384,dataset\saines\saine_0384.jpg,saine,0,6.106,6724fafac8b9595d6428ca0c41904bb55327fca315195dc94fea5286473494d2,True,,256,256,0.0,1.0,173.64651489257812,8.657564162276685,False,aucun
saine_0385,dataset\saines\saine_0385.jpg,saine,0,17.041,5b44875fb409436c06254c2b5cbb1565b980bbc547b612d0b522a8ded220c132,True,,256,256,4.57763671875e-05,1.0,121.19876098632812,3424.0842537945136,False,aucun
saine_0386,dataset\saines\saine_0386.jpg,saine,0,10.314,077680e1d6d95e5d00a8c9e25554331d2d7fb41c900e31cbe2c21aa9b8415751,True,,256,256,0.0,1.0,131.3745880126953,221.0440090072807,False,aucun
saine_0387,dataset\saines\saine_0387.jpg,saine,0,17.684,687dea9785c49e3e57e768d4ff531a6acb0d7f69977104af1dc0c4cb510b7c11,True,,256,256,3.0517578125e-05,1.0,139.41404724121094,2285.0308169722557,False,aucun
saine_0388,dataset\saines\saine_0388.jpg,saine,0,13.92,bb560866fb4e78bceb78362b5ed23f00201c0c5dccd0b97483c4a9f376308fbd,True,,256,256,0.0,1.0,132.84817504882812,976.0323790600523,False,aucun
saine_0389,dataset\saines\saine_0389.jpg,saine,0,10.027,9ae258cc183cd853bf7317518b3fd092ea3824191e235489dabd250706f43dcf,True,,256,256,0.0,1.0,154.37188720703125,194.33836558368057,False,aucun
saine_0390,dataset\saines\saine_0390.jpg,saine,0,13.561,d80222543d2ccff6c034994165e3e271e35550883a4893b54aafd0049a0a9dd9,True,,256,256,0.0,1.0,158.42376708984375,508.885117493337,False,aucun
saine_0391,dataset\saines\saine_0391.jpg,saine,0,10.347,b474543b50344cf066db62b107b8743f7a0456e4fcc2d034db0c6589a806d491,True,,256,256,0.0,1.0,158.77069091796875,123.73412581440061,False,aucun
saine_0392,dataset\saines\saine_0392.jpg,saine,0,8.182,cb55e7d42ebba479eb62c4e69c20d2397fe768d7d0b11fdaeb1ed6df8975008e,True,,256,256,6.103515625e-05,1.0,161.12347412109375,127.69998898706399,False,aucun
saine_0393,dataset\saines\saine_0393.jpg,saine,0,17.446,0687aed3c3e89cf5aec0f717ce64fc8410050fb61b41b6deb23c40afae6926fa,True,,256,256,0.0,1.0,133.28118896484375,2460.1826063310727,False,aucun
saine_0394,dataset\saines\saine_0394.jpg,saine,0,11.327,cb3aacfb95f6db10757f9f7e97ec77488aa355b9a4d345c2fc85795d83dbcb66,True,,256,256,0.0,1.0,145.27552795410156,202.24972242116928,False,aucun
saine_0395,dataset\saines\saine_0395.jpg,saine,0,9.559,23784f56a571b398c1fe9629c2465f341546982ccd1dc6523202f8de00c137a0,True,,256,256,0.0001373291015625,1.0,126.26161193847656,146.45803557988256,False,aucun
saine_0396,dataset\saines\saine_0396.jpg,saine,0,14.941,f57563e16cfac0937fd311c55be4c88c3d592e7ab3a8a7d691647efc7f3dbfea,True,,256,256,0.0085601806640625,1.0,156.46034240722656,1246.8010149961337,False,aucun
saine_0397,dataset\saines\saine_0397.jpg,saine,0,12.879,ca2529b672852b3f3b3549db1419ee7b8eef22adf887a794fba8b5400c9b4617,True,,256,256,0.0,1.0,192.12193298339844,508.4481080954429,False,aucun
saine_0398,dataset\saines\saine_0398.jpg,saine,0,11.263,57f1814ee4788fd7f6a04ecccae4562b872cdc2998b1dd507e471c67b626efe3,True,,256,256,0.0,1.0,140.7684326171875,323.5308782586362,False,aucun
saine_0399,dataset\saines\saine_0399.jpg,saine,0,7.041,44f8606bd102f6c32af9d9f3f3e8353170f4b1ba0aa82bdc072d894360b3a01b,True,,256,256,0.000518798828125,1.0,129.01498413085938,13.889588687336072,False,aucun
saine_0400,dataset\saines\saine_0400.jpg,saine,0,8.357,ee9b03c92656dd6cd3edd9917684ae096a26e946ea5c85d152010556c0f95c5d,True,,256,256,1.52587890625e-05,1.0,154.71963500976562,66.69102836563252,False,aucun
malade_0001,dataset\malades\malade_0001.jpg,malade,1,11.188,c2dca189b2b49c20c92dbf38bcbae8bb4527f1e67d233e5880eb729ae2735946,True,,256,256,0.5361785888671875,0.4696044921875,144.4048284377437,3244.2087756247142,False,aucun
malade_0002,dataset\malades\malade_0002.jpg,malade,1,14.747,eb08987f40eba74ce61e5e0751dda5f0758fbe1d3da9b50d274b3b58afaacfcc,True,,256,256,0.240814208984375,0.764129638671875,122.41421382643077,1570.2076340353117,False,aucun
malade_0003,dataset\malades\malade_0003.jpg,malade,1,12.229,21da4a7b164739da95b375d9a0722811a9be166147273186b3655b515f59577b,True,,256,256,0.336029052734375,0.6697845458984375,132.36528078368835,2004.7444883680457,False,aucun
malade_0004,dataset\malades\malade_0004.jpg,malade,1,14.271,a6bf1285493836aaffa2f531a14c20a9d2e9d0a4fbedd8386876361c9d27f5ba,True,,256,256,0.1368865966796875,0.8718719482421875,129.11724041372793,1399.1797373763707,False,aucun
malade_0005,dataset\malades\malade_0005.jpg,malade,1,12.347,665d5dfc918b2bf20a4b0469ed066b9b4fd39744122ce834dc6041d7f5b2618f,True,,256,256,0.34075927734375,0.66326904296875,133.62386123125057,1455.2050897179352,False,aucun
malade_0006,dataset\malades\malade_0006.jpg,malade,1,16.549,2765de0ac643b7bcf7cfdccfab3c9442e15f262957bf5dca4d84527017cbde4d,True,,256,256,0.259033203125,0.7496795654296875,123.76753984246199,3393.978916065544,False,aucun
malade_0007,dataset\malades\malade_0007.jpg,malade,1,13.522,09901ec6da770ac050dc4f57a8da051300afda39c0fbb1470eaf61aa36e8897c,True,,256,256,0.3008575439453125,0.705352783203125,141.94855708908406,1671.0405324761434,False,aucun
malade_0008,dataset\malades\malade_0008.jpg,malade,1,17.738,b3e07c97abaebac01be6a0745c54601f9a75df12ab7594c1c1014cf58e9151b6,True,,256,256,0.1368255615234375,0.8685455322265625,151.64452486779922,2815.9621017410905,False,aucun
malade_0009,dataset\malades\malade_0009.jpg,malade,1,17.001,c5ca6426aa52e187440716fd1e0415d52779dec4e0369b6b00ed44b0a0f70219,True,,256,256,0.3267059326171875,0.679962158203125,134.4647008662089,5014.6673033969155,False,aucun
malade_0010,dataset\malades\malade_0010.jpg,malade,1,12.826,d74fd2d6e8230e20ba3a54d6f960026a11c0157fab27470fb99290dab3a7c0c9,True,,256,256,0.3471221923828125,0.6582489013671875,137.0270984491991,2150.325356280591,False,aucun
malade_0011,dataset\malades\malade_0011.jpg,malade,1,17.603,bd036311f2b08fbad4c7a2264691a971a0fe7578489ad169b321e9b4ba2cb4d3,True,,256,256,0.152374267578125,0.851806640625,121.36274720550301,2690.5904007780236,False,aucun
malade_0012,dataset\malades\malade_0012.jpg,malade,1,13.529,9c17233f39e6bb0c88d83f7d2cf99bfc1b34a11ff2bb758c3cab8f372d5fd4bf,True,,256,256,0.1719818115234375,0.832763671875,128.78006816182938,960.1017791061386,False,aucun
malade_0013,dataset\malades\malade_0013.jpg,malade,1,11.717,7a2329eef97bde64fbdb4e21ace5816b967b4b04cac5c3ba24b19740abbb6de4,True,,256,256,0.2856903076171875,0.722686767578125,134.1492757907183,1196.5498258700375,False,aucun
malade_0014,dataset\malades\malade_0014.jpg,malade,1,13.675,2b7890bf9fc391ed9da23bbeede6e3ad6e31dedef69f04ad77f15525902ead94,True,,256,256,0.419921875,0.5866546630859375,124.45176476708195,3670.6630593494156,False,aucun
malade_0015,dataset\malades\malade_0015.jpg,malade,1,16.239,ebf323abee772952dcc23d0f7818c4fbc11aea6c6e4c6c90bd26c9189ddc9b71,True,,256,256,0.214447021484375,0.791473388671875,147.76248313090417,2344.8144452364913,False,aucun
malade_0016,dataset\malades\malade_0016.jpg,malade,1,11.551,3f3f9d1823f40027625c735f91ac13774b61276f9f07d0b0f5baaff63fdd6092,True,,256,256,0.2254180908203125,0.78399658203125,163.21969637991435,1510.649689488377,False,aucun
malade_0017,dataset\malades\malade_0017.jpg,malade,1,12.768,730b3cf08ec7615d174917a0a3d9b5061d9f15723fc393361edbeab93800173c,True,,256,256,0.283111572265625,0.720367431640625,140.3622113958907,1886.399834979081,False,aucun
malade_0018,dataset\malades\malade_0018.jpg,malade,1,16.638,117be95a90ea6cf2e7d7c23acf456ea095b45582e2cefd7e809c9bbd11ee2bc9,True,,256,256,0.125030517578125,0.885101318359375,136.8126055925249,1769.3315291310316,False,aucun
malade_0019,dataset\malades\malade_0019.jpg,malade,1,13.67,f57e6dda113c15118bda6fe58c328f46d47aab52abc8fe6b75ac27764887e17a,True,,256,256,0.171905517578125,0.8329010009765625,139.4580562425575,1172.407304991323,False,aucun
malade_0020,dataset\malades\malade_0020.jpg,malade,1,16.864,71a8d4307a8ed26b7367d69de271b4efd522549b71df6fd5c11f339328d687c2,True,,256,256,0.2073516845703125,0.802520751953125,157.39772597634712,2971.608491063429,False,aucun
malade_0021,dataset\malades\malade_0021.jpg,malade,1,16.212,904ad506e67bdb6ae613ecbe752f417d46e6140d8be8cca631b74403f08b06f0,True,,256,256,0.1247711181640625,0.8775787353515625,138.2964025524664,1644.8849066619255,False,aucun
malade_0022,dataset\malades\malade_0022.jpg,malade,1,16.179,ef6c7e6b0a2f281fee1e81a505824ad01bda750d126a43b6365aec5b788f003f,True,,256,256,0.1771392822265625,0.8288116455078125,152.99445845683672,2286.3307930121323,False,aucun
malade_0023,dataset\malades\malade_0023.jpg,malade,1,14.366,d6df84bc4fab2a78958650757d34aef363bea0677296f2c3dd2a6a82265bfa63,True,,256,256,0.2664947509765625,0.7380523681640625,128.86999937976805,1560.8905249040952,False,aucun
malade_0024,dataset\malades\malade_0024.jpg,malade,1,13.208,5b703584cf5061706bed762e349989f2e2d934c8cf3a3fd5c0fcb9888bda55ab,True,,256,256,0.345123291015625,0.6640625,136.23000919117646,2516.7723936911193,False,aucun
malade_0025,dataset\malades\malade_0025.jpg,malade,1,13.92,910fa42a4b30f5bc4a4485f78f925c5e09e07a62885d9c0075ac8aef66e8923f,True,,256,256,0.2992706298828125,0.706207275390625,146.28780087290954,2071.1773836728416,False,aucun
malade_0026,dataset\malades\malade_0026.jpg,malade,1,14.596,3ec74bafc441738a9e24a1a55b2a44964b7fc51612bc131ae6e841a304c25d38,True,,256,256,0.2173004150390625,0.78619384765625,123.86877959785731,1538.1633640783862,False,aucun
malade_0027,dataset\malades\malade_0027.jpg,malade,1,11.57,256bbe70c7e14ac72801c6b04b9621af9002b3bbc97870fd6fd63e7c74cd6fb1,True,,256,256,0.3474273681640625,0.661956787109375,111.07982573417546,1854.2247336187816,False,aucun
malade_0028,dataset\malades\malade_0028.jpg,malade,1,12.579,3442bbfad322dbd5c7618b7aee814ca335823f7bef3238aa813fbc6feb4e2fcc,True,,256,256,0.2982940673828125,0.707733154296875,151.73556552110733,1027.749562484819,False,aucun
malade_0029,dataset\malades\malade_0029.jpg,malade,1,16.949,8cff40c036aec2647efd85f1bdd1b792035e10e657764ed08ab159ccf1156f36,True,,256,256,0.2014617919921875,0.8017578125,129.39277557856272,2806.8371446838455,False,aucun
malade_0030,dataset\malades\malade_0030.jpg,malade,1,13.113,0c06271d6812a54eb7d11dbbaae576bf8dd1ca0b2ac8b478cff93581eded7a64,True,,256,256,0.4275054931640625,0.577667236328125,141.7132178139363,2980.5105728504227,False,aucun
malade_0031,dataset\malades\malade_0031.jpg,malade,1,17.66,1ff7018740cc599f9b5408754237ebddb6f9b07a697dbe274b0eed488e469802,True,,256,256,0.1778106689453125,0.83062744140625,133.54625615401574,2711.0854225583284,False,aucun
malade_0032,dataset\malades\malade_0032.jpg,malade,1,17.642,f690b4e15d07019278bf09b109b522da176984a45a4ab1f62ec259e9192be68c,True,,256,256,0.163299560546875,0.841217041015625,139.93624161073825,2287.1185181120795,False,aucun
malade_0033,dataset\malades\malade_0033.jpg,malade,1,16.998,85e2b0f6f3fca969ff663e6baea13082a4023f4ac6235fb25af7d4f1f2f92384,True,,256,256,0.2229156494140625,0.78228759765625,135.04948505890613,2665.3285145429545,False,aucun
malade_0034,dataset\malades\malade_0034.jpg,malade,1,13.431,bbea0e855fcddc49f3ec5ca32c1843639d21087628d435beee31a0eb43494fbf,True,,256,256,0.4691314697265625,0.537567138671875,161.48529662219698,4380.176918940447,False,aucun
malade_0035,dataset\malades\malade_0035.jpg,malade,1,16.811,8a14d591126eaeea07cb08fbc9dadd49ab703302a78bbc8548d80ca09e66e056,True,,256,256,0.2693634033203125,0.7375335693359375,145.47965242577843,3286.4103582338316,False,aucun
malade_0036,dataset\malades\malade_0036.jpg,malade,1,14.711,a8a9f3991d0e6772c8e41c158c70bacfb693a97c329d9674e09d4091c1d7adf1,True,,256,256,0.3184967041015625,0.687774658203125,154.21395926698318,2946.275409289379,False,aucun
malade_0037,dataset\malades\malade_0037.jpg,malade,1,17.381,0e579def9c6e21fbece661f72619c9b7859ffe040121077f68e2e385ea502bb4,True,,256,256,0.314910888671875,0.690643310546875,143.57178206884362,4010.948901068855,False,aucun
malade_0038,dataset\malades\malade_0038.jpg,malade,1,9.97,c5414905bb3a8b53083992d791de607e7272fd9f506968c530db49185ebfea37,True,,256,256,0.48223876953125,0.5238494873046875,115.6390725583292,2049.108796508081,False,aucun
malade_0039,dataset\malades\malade_0039.jpg,malade,1,15.478,8dedd21607dad6501d55e51ab4bed315b3184b05ba6aa697a0cc437898d09982,True,,256,256,0.0912322998046875,0.9160919189453125,110.1901827206556,1694.746195632181,False,aucun
malade_0040,dataset\malades\malade_0040.jpg,malade,1,7.689,ca6e6d8c78034b09c75dcc0b399bdc447ca80be0a33a2f7951fcc5d7eeb86542,True,,256,256,0.6248016357421875,0.3798980712890625,154.14266779130017,2096.131646200477,False,aucun
malade_0041,dataset\malades\malade_0041.jpg,malade,1,14.276,996e787cac36643a44dcd733f77eb35d87557ccb37dd9f88fc9d688485ba14d5,True,,256,256,0.276336669921875,0.73358154296875,147.05503785672684,1962.569654614846,False,aucun
malade_0042,dataset\malades\malade_0042.jpg,malade,1,14.177,7594dfcc14c8fb95797f8c7f08cec821a78ea3e509f44d9163e9ba35eb2b03ce,True,,256,256,0.179168701171875,0.825164794921875,133.078553200932,1556.1906624484034,False,aucun
malade_0043,dataset\malades\malade_0043.jpg,malade,1,11.774,6c18f6557e7bf04959c2069c656d477fcdb6df93dea23901c6c80cbc3ca69da6,True,,256,256,0.4034423828125,0.6002044677734375,64.7950425829414,1669.230389000016,False,aucun
malade_0044,dataset\malades\malade_0044.jpg,malade,1,12.346,d477641bb078cb6e72e7e6cfe5251ff086218b2c482e797e012d9b46053a8142,True,,256,256,0.260528564453125,0.7449798583984375,124.63910452041046,1663.8588784534993,False,aucun
malade_0045,dataset\malades\malade_0045.jpg,malade,1,14.595,b03702699048b55eed552b91d9bd9dbabead1c261b3c22863839581337ef0822,True,,256,256,0.2152099609375,0.7909088134765625,125.04416105569811,1964.6004973292693,False,aucun
malade_0046,dataset\malades\malade_0046.jpg,malade,1,16.906,4096218127f29f819074e692eff71a35023deee027244f8b0f81657393c17b18,True,,256,256,0.223907470703125,0.785003662109375,137.53840920576914,2641.574887358324,False,aucun
malade_0047,dataset\malades\malade_0047.jpg,malade,1,12.861,ff3f91ebc548571c52e508e8ad1f6ce06c074cc447826c1f7654c57be6433d5b,True,,256,256,0.1618804931640625,0.842193603515625,137.2783092365112,791.4804472432124,False,aucun
malade_0048,dataset\malades\malade_0048.jpg,malade,1,12.556,03f3258a564b03326603ebd5474923ec8e323d2ba358014d3376d4f38c338eff,True,,256,256,0.5172882080078125,0.490447998046875,121.22217036898762,3830.9182480722325,False,aucun
malade_0049,dataset\malades\malade_0049.jpg,malade,1,14.998,fe7e3e8cfa53229a6103fc84d031e6b9e1396b23603214bb8ce381fe97f1345e,True,,256,256,0.2538604736328125,0.7522430419921875,143.35854682650765,2126.4254073124084,False,aucun
malade_0050,dataset\malades\malade_0050.jpg,malade,1,9.342,9d30d3d4b9ebf5cd6c26b5947f100a07d67c61a5c39f9a86ce66894c46c50657,True,,256,256,0.5171051025390625,0.48822021484375,138.18261657707214,1385.7741344775784,False,aucun
malade_0051,dataset\malades\malade_0051.jpg,malade,1,16.504,a1c3b31922a89e0b3c3db93b0542aa1f2f5bb6da08070d5afb5723a908f81e63,True,,256,256,0.2584075927734375,0.7479705810546875,161.74658805769192,2794.3453037008976,False,aucun
malade_0052,dataset\malades\malade_0052.jpg,malade,1,17.703,7a66c87714f2d725a27c687452e50b4c8d4c9c4831698e6ffa9b0deec185d8eb,True,,256,256,0.23907470703125,0.767608642578125,145.88486462847374,3429.539022124447,False,aucun
malade_0053,dataset\malades\malade_0053.jpg,malade,1,14.382,59e260b661613bed5dae771f6340f511ee6ce01bbf1c72a621d1e9fdefb019f2,True,,256,256,0.2328033447265625,0.7714691162109375,113.96263771039776,1911.5857134381938,False,aucun
malade_0054,dataset\malades\malade_0054.jpg,malade,1,13.911,2456578c306d979dca89b1d6554e38e7045ae6bf0f87efb457543c15cd38ddc1,True,,256,256,0.359100341796875,0.6468048095703125,133.27148552690556,2945.3964573605235,False,aucun
malade_0055,dataset\malades\malade_0055.jpg,malade,1,10.272,d7bb83ccf3d25a838f235d29c43cde1cf9aabae3cc3e4eb8ca630dfe04f4cacb,True,,256,256,0.4377899169921875,0.5683746337890625,115.8519154876641,1499.3381972014618,False,aucun
malade_0056,dataset\malades\malade_0056.jpg,malade,1,17.438,62ab063ddf6128fe38006035fb1af9d10472e892319fcb20a0b42c7364b8deb6,True,,256,256,0.185272216796875,0.8195037841796875,134.40629713072784,2942.574019880683,False,aucun
malade_0057,dataset\malades\malade_0057.jpg,malade,1,13.691,ac453ebd57322f2b03d024646b6f48970b690e9838bb4d399d1f290dfd0dd39c,True,,256,256,0.421600341796875,0.584716796875,154.48969206680584,3536.784276238227,False,aucun
malade_0058,dataset\malades\malade_0058.jpg,malade,1,13.673,f6966fa226ad512dbc9886ab56d2c1126b5839fcb327c4da7d66a75610050c34,True,,256,256,0.3186187744140625,0.6853179931640625,133.09687618284238,2111.0539349686774,False,aucun
malade_0059,dataset\malades\malade_0059.jpg,malade,1,11.269,5b186047af7efc29bdf9056297ccfc9ce6ed350a5bae8dbcb9b1cdaa845a4578,True,,256,256,0.5084228515625,0.4984130859375,105.02507347538574,2347.890177301545,False,aucun
malade_0060,dataset\malades\malade_0060.jpg,malade,1,14.994,b027803b02877b166b2f52efdf9e966a43f24b622e8b9f83780ff94bf24b1405,True,,256,256,0.292236328125,0.7163238525390625,152.44486100756205,2668.904982206626,False,aucun
malade_0061,dataset\malades\malade_0061.jpg,malade,1,12.422,52789d3319f57eb84f8d5b015ae04d07e2505ec858728e1105d125c3c7f6f766,True,,256,256,0.418060302734375,0.5876922607421875,130.42676879137997,2877.553798275181,False,aucun
malade_0062,dataset\malades\malade_0062.jpg,malade,1,10.886,48434a2c96c45856a46bf5839043b112c67e313338a997009196a954c10dba0d,True,,256,256,0.5692901611328125,0.4375762939453125,156.3134916483593,3895.380058321632,False,aucun
malade_0063,dataset\malades\malade_0063.jpg,malade,1,14.396,e8722be91b756172a6d76838aae5e4058fc492c4bbbe326da2d80886052df2e3,True,,256,256,0.2535858154296875,0.7522125244140625,132.8062356735704,2196.1924298882236,False,aucun
malade_0064,dataset\malades\malade_0064.jpg,malade,1,10.618,f2c1a3d544491c14bbc11c545e5f72c58280742317f96f159636e8f99732b01a,True,,256,256,0.37646484375,0.631591796875,154.9402783146502,2069.5600963493757,False,aucun
malade_0065,dataset\malades\malade_0065.jpg,malade,1,16.043,0ad647ea2f6eb1dd882f5a958bb5662b8df1e1f38f2b10d89204e60d66d2e3c2,True,,256,256,0.3628997802734375,0.6423187255859375,135.671980045136,3644.7442829314355,False,aucun
malade_0066,dataset\malades\malade_0066.jpg,malade,1,16.81,6ec2d6186e6ed9e6a1757f2ae37743d06bd2d2c0a32ea0634269651671204ba4,True,,256,256,0.2141571044921875,0.7908477783203125,135.0128306546528,2485.6256483843504,False,aucun
malade_0067,dataset\malades\malade_0067.jpg,malade,1,14.548,fbcfd97d788b5ebf1f8a7f0e424fc01f44b74ef25d50a71a07de7d029169bd51,True,,256,256,0.2670135498046875,0.7382965087890625,126.81715407667666,1514.9720286681747,False,aucun
malade_0068,dataset\malades\malade_0068.jpg,malade,1,13.638,7e5d2b0ad829d15d98d8562a5fb58b5819f8f33a8cbf9602b4200d3a14645dde,True,,256,256,0.4821929931640625,0.5216827392578125,127.65655620228729,3835.4360630091683,False,aucun
malade_0069,dataset\malades\malade_0069.jpg,malade,1,12.912,0e8c7520c292547447f198ec8feb4aa7d138a3950169e704e00a8ef8224ce6b0,True,,256,256,0.3216094970703125,0.6832733154296875,128.46253824337302,1552.5357023852853,False,aucun
malade_0070,dataset\malades\malade_0070.jpg,malade,1,9.544,afeec1487e926764912e344d667a8019091ab44ff5e5dafb4b0121483d2702f2,True,,256,256,0.505401611328125,0.4992828369140625,129.2495339384493,1329.0635684949784,False,aucun
malade_0071,dataset\malades\malade_0071.jpg,malade,1,12.791,d06d671e9a3f18400016a77bf58e56500c26d86017ec18dc5c6f35256a2f398e,True,,256,256,0.49090576171875,0.517791748046875,142.59368185300877,2904.0348265587295,False,aucun
malade_0072,dataset\malades\malade_0072.jpg,malade,1,11.846,2400e7f6f7f3c27b225aabd4c9ec60ad836f100eb9be51b4d3ebdef976665e3c,True,,256,256,0.3804473876953125,0.6259918212890625,134.75573430834856,1468.6552722833278,False,aucun
malade_0073,dataset\malades\malade_0073.jpg,malade,1,10.622,200d1c67a7313d08a389be71ca34befd77f2ca7d0e940f5b38167252236123fb,True,,256,256,0.289703369140625,0.716064453125,125.0662504261848,1009.4241845568619,False,aucun
malade_0074,dataset\malades\malade_0074.jpg,malade,1,13.817,16d0343fdfb24032dbe1694570de900386e58a84e755ccc8c61f4358751d7551,True,,256,256,0.3585205078125,0.6490478515625,139.17368817002068,2821.182890893752,False,aucun
malade_0075,dataset\malades\malade_0075.jpg,malade,1,11.304,7c5b95691c3b63e45a130913e061aef9890fe0b15f130bd3318221269b8eeeeb,True,,256,256,0.443572998046875,0.56353759765625,136.07351348424132,2929.868575019142,False,aucun
malade_0076,dataset\malades\malade_0076.jpg,malade,1,15.386,c8906cf5eb2f2c24c4b75283bd24dd9614f2cd2d66646ea4459f61885d8635a1,True,,256,256,0.4038238525390625,0.6019439697265625,135.23214783644707,3841.4327627280345,False,aucun
malade_0077,dataset\malades\malade_0077.jpg,malade,1,13.542,f719f686689a403add436bd81e686fd8e08a69e33c4eab2f5a7b00cd55d2275f,True,,256,256,0.3469390869140625,0.6602935791015625,155.64268712592147,2690.238559725872,False,aucun
malade_0078,dataset\malades\malade_0078.jpg,malade,1,10.067,985c89cec5dbdae06f911223c09c0c62c973c75b8d6ed46ebefe84ade74dff62,True,,256,256,0.4981842041015625,0.5068511962890625,146.0909474064485,1980.52317894144,False,aucun
malade_0079,dataset\malades\malade_0079.jpg,malade,1,10.831,12ccbc9e84feb53206d053f05a62905f11959ecab6c1979fd273c12d9051a01c,True,,256,256,0.37738037109375,0.6290130615234375,131.07216844965188,1732.899513068497,False,aucun
malade_0080,dataset\malades\malade_0080.jpg,malade,1,15.486,74e3cd51edc1c8dddcbb9c05d3b49d7a2086b4cdfde0bcf1f3645e9371478aa5,True,,256,256,0.3405609130859375,0.6678314208984375,145.31868759567712,3230.7784905092617,False,aucun
malade_0081,dataset\malades\malade_0081.jpg,malade,1,17.401,c3cdd465d19285b9d6d53e3f9c3c80bddec9606af5177ffe55e682db7a0c8549,True,,256,256,0.206298828125,0.798553466796875,128.75335346046546,2488.3520790830025,False,aucun
malade_0082,dataset\malades\malade_0082.jpg,malade,1,12.096,1f77ca48cf003572dd1aa40ee55e41dc30a57be00ee3f2063d16b7d1ada314a5,True,,256,256,0.329132080078125,0.6797332763671875,141.3022425752576,1528.3079979438119,False,aucun
malade_0083,dataset\malades\malade_0083.jpg,malade,1,11.944,4eefe5972f14e7accc0190acbab8f7c090a28d39f2b120b57b6a7af3c71a0281,True,,256,256,0.4418792724609375,0.5649261474609375,138.2746130783567,2499.6490520212647,False,aucun
malade_0084,dataset\malades\malade_0084.jpg,malade,1,14.438,4c7b6d712912cf71fe7068cd84d4378442321cf52ddca158b6e39ccb5f351a26,True,,256,256,0.2404327392578125,0.764068603515625,126.38900427367496,1702.0820572974612,False,aucun
malade_0085,dataset\malades\malade_0085.jpg,malade,1,11.296,99f566915b13afc58160295dbfbc3080d88a233c66961a0ca5f878e05bb2da28,True,,256,256,0.304931640625,0.6995697021484375,131.62904879272364,1336.2210885477011,False,aucun
malade_0086,dataset\malades\malade_0086.jpg,malade,1,11.203,0014e6d6c1ead2ac3f347dd8c2d0a473e2936ceff97b37c022fe86edeaca2c7b,True,,256,256,0.4411163330078125,0.5644378662109375,144.74661404125328,1947.8431081553979,False,aucun
malade_0087,dataset\malades\malade_0087.jpg,malade,1,13.115,911c0560b142e4b035c18ce111d096622c4cc6a9ec4be9e162b18cf7c0ea7ff2,True,,256,256,0.2271575927734375,0.7787017822265625,121.39566554974232,1612.4860206863104,False,aucun
malade_0088,dataset\malades\malade_0088.jpg,malade,1,16.021,9968a38677c164e5d3b37b4bf7d266deb1f96b5f775378780028ef9719b28c13,True,,256,256,0.2487335205078125,0.7577056884765625,132.2411140423304,2492.461570025854,False,aucun
malade_0089,dataset\malades\malade_0089.jpg,malade,1,15.384,8818272c2466f0ef6130e7458244204ace361ec9cc6eaabc2c88ba13dd4f8518,True,,256,256,0.16204833984375,0.8399810791015625,134.50206179948773,1512.968533540089,False,aucun
malade_0090,dataset\malades\malade_0090.jpg,malade,1,14.224,8610921f61c1b10e3806acaaabec7b1bdcedf02104865011c28a422ee9896a81,True,,256,256,0.413909912109375,0.594390869140625,143.67466755660521,2529.1889077226692,False,aucun
malade_0091,dataset\malades\malade_0091.jpg,malade,1,14.639,822b096a9f7fc1b1863bdd945a2b7c20470543e83ca535b638726a377e48d28d,True,,256,256,0.32391357421875,0.6834259033203125,130.0354551340731,2519.943239669307,False,aucun
malade_0092,dataset\malades\malade_0092.jpg,malade,1,12.085,8f50971e30f62ab6ac1e0c4a826be484fc3dfef1bb05c9c463ed107fc93ec8f0,True,,256,256,0.35723876953125,0.6500091552734375,133.94528040564333,1232.5265161534583,False,aucun
malade_0093,dataset\malades\malade_0093.jpg,malade,1,14.363,63edb54c0e92742de9246df218e95c2cd794f4d27130279ca06258847e6a9364,True,,256,256,0.374847412109375,0.63226318359375,138.35652572642147,2684.4263445608944,False,aucun
malade_0094,dataset\malades\malade_0094.jpg,malade,1,15.329,f10f0c664480e418dc4cc74902f5bac4be61d611c512c70fd5abe2c8a0f4619c,True,,256,256,0.179901123046875,0.8245086669921875,125.32949014527621,1930.2671373695132,False,aucun
malade_0095,dataset\malades\malade_0095.jpg,malade,1,14.019,1c22ed5d43ad681c0a09e582536136592f3bfdeeb8f5d8a0ea31ff9f5d5d6b44,True,,256,256,0.342254638671875,0.6637725830078125,140.50925266085838,2279.148651408735,False,aucun
malade_0096,dataset\malades\malade_0096.jpg,malade,1,11.247,d45d6474c249eb501429785ec62adeff5b78d1bfd65388ab851a2e05ed3c457a,True,,256,256,0.320404052734375,0.68603515625,120.6336743772242,1525.397088101642,False,aucun
malade_0097,dataset\malades\malade_0097.jpg,malade,1,13.77,816a5333fc74a9289aa2bb7c828e4d735618db93befda4dbea96ebe6cbd17192,True,,256,256,0.268798828125,0.7394561767578125,124.43117145746064,1879.3433441699517,False,aucun
malade_0098,dataset\malades\malade_0098.jpg,malade,1,13.324,e768b643abb6da1c293dc7c63b6d07e56141339ee02bb34101f0c6a77af0e67a,True,,256,256,0.2530517578125,0.7498779296875,116.66380433013185,1172.1013643318029,False,aucun
malade_0099,dataset\malades\malade_0099.jpg,malade,1,13.93,0726cc0b2404d3fd9d3094b22a1afaaab2908277cb8e1483e28ef6f7aa60df29,True,,256,256,0.2618865966796875,0.741546630859375,129.833779167867,1678.6638750341458,False,aucun
malade_0100,dataset\malades\malade_0100.jpg,malade,1,11.41,3ce8480083a9e1f3dd68d5700ea3ea3d6f57f2ffb388fb75650fd33b02a7ec23,True,,256,256,0.4721527099609375,0.5327301025390625,109.88958267693982,1739.4119827162815,False,aucun
malade_0101,dataset\malades\malade_0101.jpg,malade,1,16.286,c8bf20a73b5adcb365f57e3ca233f236455bcec7151f0996d66e772ca2f5e313,True,,256,256,0.246246337890625,0.7602691650390625,132.94524836929253,3317.5164809835933,False,aucun
malade_0102,dataset\malades\malade_0102.jpg,malade,1,16.457,b21d875320ede49d657f2d350659cb15f1bcaf10aad8d3cb2908db5fd5a9958b,True,,256,256,0.2220001220703125,0.7839813232421875,126.27411977656242,2297.568939608823,False,aucun
malade_0103,dataset\malades\malade_0103.jpg,malade,1,14.055,b83f174573906b3b49826261e3126466c4c9cf5559ba61d02950845cccb94c57,True,,256,256,0.2616424560546875,0.74273681640625,130.85134357794396,1792.1454145863827,False,aucun
malade_0104,dataset\malades\malade_0104.jpg,malade,1,11.618,f93c50d8258815c9a0e69d5f1b12c5c7d3aad4a1827d761fc1a71675a734e11d,True,,256,256,0.3317413330078125,0.675811767578125,127.220456084895,1363.37048460747,False,aucun
malade_0105,dataset\malades\malade_0105.jpg,malade,1,13.376,1a4b1f2e0c954b0287d8571348fad4b982437788cac661a6c7ce33b446985470,True,,256,256,0.3628082275390625,0.6419525146484375,99.82764849896603,1972.7422337857715,False,aucun
malade_0106,dataset\malades\malade_0106.jpg,malade,1,14.822,5620a5bc9fb84244e5297faf464f0d67fd66a65a48255575b6f2e22f3cb84493,True,,256,256,0.258514404296875,0.7448883056640625,143.80699346539114,2101.7360665465694,False,aucun
malade_0107,dataset\malades\malade_0107.jpg,malade,1,11.363,f64553297e5e9e564757d221521d5c295e8b654257aa82efcfdaadcb22f686be,True,,256,256,0.3497467041015625,0.6538238525390625,140.1166888375458,1089.7296318746282,False,aucun
malade_0108,dataset\malades\malade_0108.jpg,malade,1,14.677,8cea75ef034851e70f750d18a6081bb6c00ddd72e81645ee0f63eb715832b279,True,,256,256,0.2399139404296875,0.76806640625,142.62549666242847,1957.3923498552538,False,aucun
malade_0109,dataset\malades\malade_0109.jpg,malade,1,12.497,e87b01ca55b0ea642bbf168cdf2f7982ff74dc5df1656d4a9841359d33bad3e2,True,,256,256,0.416046142578125,0.5886993408203125,145.1496850781473,2046.9190100312433,False,aucun
malade_0110,dataset\malades\malade_0110.jpg,malade,1,14.386,0ed1d6f299505fb9fc738996e2e0d216b69d27837b81237a174ac1ef356c5b5b,True,,256,256,0.45831298828125,0.55181884765625,129.5568244663201,4071.607885205107,False,aucun
malade_0111,dataset\malades\malade_0111.jpg,malade,1,14.289,bbec5981e75cd47aebc11d6616cfe3dc4bccf511a881c56fdf7885eeb9671e05,True,,256,256,0.2002410888671875,0.80419921875,131.59035367334548,1862.9995758465375,False,aucun
malade_0112,dataset\malades\malade_0112.jpg,malade,1,10.902,c63114048bbcd505e4f8ec802debee96e126a8d8d24e035636783eee1b7ff335,True,,256,256,0.423248291015625,0.5789337158203125,115.12811997575183,1471.419588300799,False,aucun
malade_0113,dataset\malades\malade_0113.jpg,malade,1,13.169,ab3508caa639f3f54f4cd7f475f45e39a39790d324098d235cf4943c8a3b95f5,True,,256,256,0.4287567138671875,0.5788116455078125,112.43492473571824,2360.3297520882106,False,aucun
malade_0114,dataset\malades\malade_0114.jpg,malade,1,14.775,8f92f327885f6264b53efde0d7da4314c9f303585dcfad421dd68d3aefd3dd3a,True,,256,256,0.341644287109375,0.6630706787109375,132.17744793464504,2486.5930287131873,False,aucun
malade_0115,dataset\malades\malade_0115.jpg,malade,1,10.514,6ceb1fccb14949b0dd61fafd50c8848f00b8241dce529089df1a9983ae90c6f4,True,,256,256,0.31201171875,0.6929779052734375,155.35252669822745,1520.4729136356339,False,aucun
malade_0116,dataset\malades\malade_0116.jpg,malade,1,11.988,ad7ecbca19117a26418670e57da41f427cb43deed9c1c3eaf35f96aa32335d08,True,,256,256,0.315643310546875,0.6916961669921875,142.38783613862478,1482.6552486776263,False,aucun
malade_0117,dataset\malades\malade_0117.jpg,malade,1,12.943,909fb703620c9d49e7afb8f84c628c83f44e4880c682f43fa68bbec905d76cea,True,,256,256,0.3800811767578125,0.6236724853515625,137.59635945489688,1750.0781521558804,False,aucun
malade_0118,dataset\malades\malade_0118.jpg,malade,1,13.378,6415e1095f4f98ef661335345c1379da9a54ee7b0b524cde309f35a7bd5a5278,True,,256,256,0.3411865234375,0.6650238037109375,146.24094256935044,2521.4233712841074,False,aucun
malade_0119,dataset\malades\malade_0119.jpg,malade,1,14.194,70f5acf0363c209a6281df4a37f7c8ff13e6d1b0bf2790a39d4c2fb290a10451,True,,256,256,0.293182373046875,0.7122955322265625,144.63271995030098,2216.140982835101,False,aucun
malade_0120,dataset\malades\malade_0120.jpg,malade,1,13.267,914ef7b1a468cb0990ee5ea320d65708e70f05021e63f8928e816c3e8b4ba48b,True,,256,256,0.2319488525390625,0.772979736328125,126.46121047021201,1598.451726904479,False,aucun
malade_0121,dataset\malades\malade_0121.jpg,malade,1,11.238,2588d7c1dbf630eb12e562bfd01aed68a084cd3ad8e1f4891df417cb5a77f55c,True,,256,256,0.227325439453125,0.7759552001953125,135.86293827306156,1098.9286443105411,False,aucun
malade_0122,dataset\malades\malade_0122.jpg,malade,1,14.646,a77d816fc21631bf6dfb6b58ba938b21ea3a2b02a74eda6af7ec85cfca3e56c4,True,,256,256,0.1913604736328125,0.8131103515625,129.47241405194416,1687.5307225069635,False,aucun
malade_0123,dataset\malades\malade_0123.jpg,malade,1,13.729,5f8648e83b146d5454b13d72ce3c7c8e1641347e30b5ea0f71fd9b8c204dc94e,True,,256,256,0.439208984375,0.566131591796875,142.3452913589564,3095.1256602607614,False,aucun
malade_0124,dataset\malades\malade_0124.jpg,malade,1,13.723,318f9a221b3064141854c931dcbe6c5e3b852da021048dcd3903a33124b65f64,True,,256,256,0.23907470703125,0.7664337158203125,122.44131876007884,1597.7339973480696,False,aucun
malade_0125,dataset\malades\malade_0125.jpg,malade,1,11.77,947b6515c929817e3e08d4a83ad5051d63c9b2e4e41f40ff72fcc36051043ee3,True,,256,256,0.3739776611328125,0.631011962890625,131.64438748367752,1208.7470076168306,False,aucun
malade_0126,dataset\malades\malade_0126.jpg,malade,1,15.075,708d9fc44280633f3fec5b5865296ae7ba71ea6df645fb415087c237634a8455,True,,256,256,0.283599853515625,0.7215728759765625,132.92795364672546,2519.9207105493665,False,aucun
malade_0127,dataset\malades\malade_0127.jpg,malade,1,13.307,e0e0f2d7f9407c7844e6cfe811cf55445ab561a8be597e5100f668f8536b1f5c,True,,256,256,0.3007049560546875,0.70660400390625,140.01019262330482,2523.9547764590466,False,aucun
malade_0128,dataset\malades\malade_0128.jpg,malade,1,11.238,3e053c92275f8b82e68e9e7b405a94e1ed9adf037d55d7971d9a354e5ed12459,True,,256,256,0.3554534912109375,0.6483001708984375,130.84261068091416,1771.0442158715935,False,aucun
malade_0129,dataset\malades\malade_0129.jpg,malade,1,13.073,8247b97e01b21b892429fdb5fd85026d76896ab560e97aeb00f9d40037c7fd1e,True,,256,256,0.1469573974609375,0.8566131591796875,114.26901084807353,775.3715405152182,False,aucun
malade_0130,dataset\malades\malade_0130.jpg,malade,1,11.587,e1fa4537f23dd6bb63f27e6f9d01a3dbeae94d6aaad4915415b497d7912c2a6c,True,,256,256,0.2712860107421875,0.730743408203125,101.47151806222594,1073.1259758897952,False,aucun
malade_0131,dataset\malades\malade_0131.jpg,malade,1,9.902,ab9e8a165d2e01839272b730c6087a02f1fc558d9e98e7fe78ecba38151c9b5d,True,,256,256,0.25897216796875,0.744232177734375,117.65046951244516,663.4486256353894,False,aucun
malade_0132,dataset\malades\malade_0132.jpg,malade,1,12.668,5669e1496dbd28ea614a14ef490409f0b87d85f73cf679a343ead5bd93d8b412,True,,256,256,0.34539794921875,0.65850830078125,148.56710538511447,2191.6160255455293,False,aucun
malade_0133,dataset\malades\malade_0133.jpg,malade,1,14.603,b8818a8d370f3b3a14521e7ccab6fab12abb3f77bd9992907c39a50e87ae0214,True,,256,256,0.2113037109375,0.793853759765625,121.43826163841156,1688.9684879286033,False,aucun
malade_0134,dataset\malades\malade_0134.jpg,malade,1,11.732,34edf060654621ddcbf3000a62bd5095b6c9f50520a0a28a2319828943b2c86a,True,,256,256,0.4610748291015625,0.543182373046875,138.5412101803472,2855.2709378877917,False,aucun
malade_0135,dataset\malades\malade_0135.jpg,malade,1,13.614,37356a29cdaa10f218a1666feaf40f16f2b623908a70ee319e88496c044a031f,True,,256,256,0.38031005859375,0.6235504150390625,127.84681267588401,2543.4959275423043,False,aucun
malade_0136,dataset\malades\malade_0136.jpg,malade,1,14.409,5074b3aba925408d9ff7fab6634fa450cd0d5b0ac25ab4b9070de1343940f206,True,,256,256,0.289031982421875,0.7172088623046875,124.26721698614982,2039.3266120776166,False,aucun
malade_0137,dataset\malades\malade_0137.jpg,malade,1,13.197,55733fe811a3a5328e0a09bd2b7dbbcfea6321679e1a8a32cda12b48ea29c192,True,,256,256,0.3935546875,0.61004638671875,126.33251625812906,2091.3600953202963,False,aucun
malade_0138,dataset\malades\malade_0138.jpg,malade,1,11.168,f2b372b3512dfada43fce5d11987dbe198a5e42408dc11800995af8032b646bd,True,,256,256,0.41156005859375,0.5935516357421875,138.76791177151082,1401.8560639170482,False,aucun
malade_0139,dataset\malades\malade_0139.jpg,malade,1,11.845,9e8b558bf9278c7d90289b6def07ba3429a78bc2f931e2be0aea59ed2128b560,True,,256,256,0.2315826416015625,0.776275634765625,149.47843692259306,983.5496586016797,False,aucun
malade_0140,dataset\malades\malade_0140.jpg,malade,1,13.016,d6777b94115814c29ef50265b6cc0d440e1e9969115a2fbd573e33e2356d657c,True,,256,256,0.43585205078125,0.5704803466796875,145.76732554096344,2993.5834225531844,False,aucun
malade_0141,dataset\malades\malade_0141.jpg,malade,1,12.338,f9e3eef0189529b611a6155f3974a905459f25d0dbb462ced94aa2deddcdbd54,True,,256,256,0.231597900390625,0.7716064453125,128.22860306913464,1074.5792666746202,False,aucun
malade_0142,dataset\malades\malade_0142.jpg,malade,1,14.767,323da3513bb2b7932443653467acef094d5e7184a5afa1df5bb50f57c14d4e68,True,,256,256,0.3274383544921875,0.6796417236328125,119.0417368267439,2556.5776863322726,False,aucun
malade_0143,dataset\malades\malade_0143.jpg,malade,1,13.8,4bbbe7bcb1b2da1207f167c3781378541cdfab4adf26a7b7a14fd380845e4f76,True,,256,256,0.25537109375,0.7503814697265625,137.89808243691155,1793.2805386069679,False,aucun
malade_0144,dataset\malades\malade_0144.jpg,malade,1,14.042,b5b9ba44c055a8170758ade8abd9fc5e9662218631e128bf6ec2f69bdd0f6678,True,,256,256,0.2562713623046875,0.7489471435546875,131.10086995497423,1388.1702964687008,False,aucun
malade_0145,dataset\malades\malade_0145.jpg,malade,1,15.813,2e623c28399add8982e21f1a5439d7ed98ec7e08c365379f847941295832212b,True,,256,256,0.2480010986328125,0.7587127685546875,142.61396134585604,2339.3469534666533,False,aucun
malade_0146,dataset\malades\malade_0146.jpg,malade,1,13.24,9ffe3b524002bac4a15cf1876b7aa52d32334dec28057c1bbc8246277baac47a,True,,256,256,0.3050384521484375,0.7005615234375,132.83374716849625,1711.4927911972393,False,aucun
malade_0147,dataset\malades\malade_0147.jpg,malade,1,11.635,7004d0177a42efd76bd78aa1529f72c66dd423fec4ba37a0fc020ded19c03c2b,True,,256,256,0.3435516357421875,0.6624908447265625,148.0708938894903,1869.0361493653236,False,aucun
malade_0148,dataset\malades\malade_0148.jpg,malade,1,13.116,1d23a2b4cd69576729f4223ddb54275e5875ae9f8000a843637cd2c9015df464,True,,256,256,0.2344512939453125,0.76873779296875,119.49166335847559,1423.2387340653274,False,aucun
malade_0149,dataset\malades\malade_0149.jpg,malade,1,11.474,72e69768263877c634d68be3861bb528ffa055f6ba21c9cecc769b4be27afb3e,True,,256,256,0.3426513671875,0.6600799560546875,136.10275318430845,1543.7418258408873,False,aucun
malade_0150,dataset\malades\malade_0150.jpg,malade,1,15.793,a051d22351b04f938a2d6a617de4956d26333f39a093476075aa818973024a2c,True,,256,256,0.2573394775390625,0.7493896484375,125.35722430363252,2158.2905106099042,False,aucun
malade_0151,dataset\malades\malade_0151.jpg,malade,1,13.11,46768d048f2a5b8965610f3178a1db1c2ab2950f6c9776fb187d8fe0c9152175,True,,256,256,0.0877838134765625,0.9223785400390625,128.65734751608795,1035.8040770223074,False,aucun
malade_0152,dataset\malades\malade_0152.jpg,malade,1,12.923,026de0df79a78cfdcf5d9e9bcbe4479ee8aed4850e6a6d39e911b92898716283,True,,256,256,0.3147430419921875,0.688232421875,129.63291504079461,1575.6633083906763,False,aucun
malade_0153,dataset\malades\malade_0153.jpg,malade,1,13.871,c9a0e76626479da040d82fc86c9a5bda47310ea5985a56fba6d9c85c24b4fe1d,True,,256,256,0.3356475830078125,0.6677398681640625,133.17437901327665,2137.371399664266,False,aucun
malade_0154,dataset\malades\malade_0154.jpg,malade,1,14.119,b30a45368624c07ddef0537b6bb5d8c40df7b18a8c08fecbf3a871cb921053d5,True,,256,256,0.251953125,0.751556396484375,125.12116782393308,1711.7148556957068,False,aucun
malade_0155,dataset\malades\malade_0155.jpg,malade,1,16.088,5bb5b71febff555cd71b70f176e1db7d5d9cb70efca5f55342a6b528573122bf,True,,256,256,0.2969207763671875,0.7096710205078125,140.78182717323529,2872.7566742395056,False,aucun
malade_0156,dataset\malades\malade_0156.jpg,malade,1,9.033,5804c1d5b367f0ffd8f8bee90599985aced214bfbfb5fb4cca5903d981d16998,True,,256,256,0.5453643798828125,0.4594268798828125,140.12497924208708,2392.6236833432813,False,aucun
malade_0157,dataset\malades\malade_0157.jpg,malade,1,11.63,18772d947f2718bfe1415d1ef52382cc0669e7b02100708ad1a79b8b65bda82c,True,,256,256,0.4337005615234375,0.570648193359375,134.89748114872452,2107.5305282513827,False,aucun
malade_0158,dataset\malades\malade_0158.jpg,malade,1,10.782,0f1fc7ca36cc959d0ffdba3bd1ef00ef43302047f62e501677cd95df035c26ce,True,,256,256,0.2454071044921875,0.755889892578125,120.28156162945618,817.7714064589289,False,aucun
malade_0159,dataset\malades\malade_0159.jpg,malade,1,13.043,a4aa90b16c5b1dee014e96dfd0390b59c9b440a028ddd6d7a1de51ad497ba9cc,True,,256,256,0.251190185546875,0.753692626953125,126.80400453496377,1291.2698963697374,False,aucun
malade_0160,dataset\malades\malade_0160.jpg,malade,1,10.131,0b342cd959ce5b944c4de593af6533c7bef5261ca0bcf8e863a0d880ed6a96a6,True,,256,256,0.3954620361328125,0.608795166015625,144.91839189934333,1180.003801714021,False,aucun
malade_0161,dataset\malades\malade_0161.jpg,malade,1,14.373,21091e81ba489f1d6bebb6bd0122da3a2891453041bc068fbddf985c3ec10656,True,,256,256,0.2504730224609375,0.7541046142578125,110.93288278262277,1590.0674217278051,False,aucun
malade_0162,dataset\malades\malade_0162.jpg,malade,1,15.283,aa6d5b39b51717317935b912785b1fb395777c7c50fc63d9ed627da6d5bdd097,True,,256,256,0.1847076416015625,0.8199462890625,147.73526127735596,1985.0275456532383,False,aucun
malade_0163,dataset\malades\malade_0163.jpg,malade,1,18.169,c53942b706f9f62e0d2b27976404295c0a3175f1d4be600e5e51b5c43a1a107b,True,,256,256,0.2326507568359375,0.7753753662109375,137.97004821411,3215.646987261626,False,aucun
malade_0164,dataset\malades\malade_0164.jpg,malade,1,16.753,4d7a714f3662b08183be419eec36e99d70b6114d58878d3506eebc6c25fb79c9,True,,256,256,0.2560577392578125,0.747833251953125,122.20954907161804,2872.970129178422,False,aucun
malade_0165,dataset\malades\malade_0165.jpg,malade,1,13.438,029308a7624f0f0b0adae5c61e1b08434621fd211f8b16bbe8a6de79a31ddfcf,True,,256,256,0.2894287109375,0.7149505615234375,111.30709636111408,1635.8398150051653,False,aucun
malade_0166,dataset\malades\malade_0166.jpg,malade,1,12.283,eaa57f80ecd9210c61001127fd2379e74cf2ef3e4649398502952f7253da36e2,True,,256,256,0.3301239013671875,0.6732940673828125,132.73090084985836,1775.337632759881,False,aucun
malade_0167,dataset\malades\malade_0167.jpg,malade,1,12.934,974e274c60de1cc327bb84d4acaaa0d52f686e66c7a3f8d1f83f63d13b03ef38,True,,256,256,0.3082275390625,0.698089599609375,130.28520218579234,1907.3165265652606,False,aucun
malade_0168,dataset\malades\malade_0168.jpg,malade,1,11.243,6ae167c6b03a13c95652649dcbc4af4792c1958daee07f9ab4b2079ad6470210,True,,256,256,0.2985382080078125,0.704864501953125,120.76628999437156,932.8738876468074,False,aucun
malade_0169,dataset\malades\malade_0169.jpg,malade,1,13.01,1c1c074d887bfcc055991036c9cb589822714bce2f144be47393ebd5682aee1a,True,,256,256,0.2427215576171875,0.761077880859375,141.04905970568186,1288.7964996627138,False,aucun
malade_0170,dataset\malades\malade_0170.jpg,malade,1,16.569,cb9fed5c07654bdc1fad4d334af53c737c245fb4c9309044b7de81c4643afdee,True,,256,256,0.0853271484375,0.92254638671875,112.07128680119087,1768.9040644996032,False,aucun
malade_0171,dataset\malades\malade_0171.jpg,malade,1,10.043,4090da8205ec96fc77cc431196842d3c116c3dba08314547142d2f2719740c17,True,,256,256,0.39337158203125,0.610076904296875,144.7013906257816,1171.6916787382993,False,aucun
malade_0172,dataset\malades\malade_0172.jpg,malade,1,12.688,79d438b9349515aa58e7080cde4737b2feff8413d9ad9f89d3985025bdfe8ebb,True,,256,256,0.3080596923828125,0.69775390625,139.22034639608117,1317.4450126310323,False,aucun
malade_0173,dataset\malades\malade_0173.jpg,malade,1,13.929,f35a41bd984bfd62aeef8b1a8e9cd474c7802c168b96ba9ec4da92106ea6065c,True,,256,256,0.2935028076171875,0.7111968994140625,140.11954772683387,1345.4339910470615,False,aucun
malade_0174,dataset\malades\malade_0174.jpg,malade,1,13.14,165e994fc3508b67a4a99ce5ad48643254aca611b24cbb88dd86d56ef5acf9d5,True,,256,256,0.3810577392578125,0.6255950927734375,123.35132564208884,2147.5917737250766,False,aucun
malade_0175,dataset\malades\malade_0175.jpg,malade,1,15.206,a6dc29e76bd1f03425f71720a20061eb77db9a2971c758ef4d9331a8ccb68a01,True,,256,256,0.302764892578125,0.7021636962890625,139.32963904643935,2406.404743014629,False,aucun
malade_0176,dataset\malades\malade_0176.jpg,malade,1,14.209,927faa66e05b164fe195e2030a49e615cc3684e65778d753ce56552c5888759e,True,,256,256,0.3933868408203125,0.6115570068359375,147.24753611617055,2710.632715243055,False,aucun
malade_0177,dataset\malades\malade_0177.jpg,malade,1,14.879,38029d21b4b368423bef9f00a564f81a8575f9b97e924ad3c3392577a6a48d74,True,,256,256,0.081390380859375,0.921661376953125,125.38606337538492,1067.307092079658,False,aucun
malade_0178,dataset\malades\malade_0178.jpg,malade,1,14.688,768b3c6805fce151e76e5a3e37cfe6ea001506da2f02ab671872bfb3e49d09ab,True,,256,256,0.2195281982421875,0.784149169921875,140.32230005837712,1632.2767799448534,False,aucun
malade_0179,dataset\malades\malade_0179.jpg,malade,1,17.076,6496b9725653802bbd4284b3c0838ee1d65dcbe3ac5a71b1c7dd32483cdde236,True,,256,256,0.1287689208984375,0.8770599365234375,132.5540458254319,1939.2043700804893,False,aucun
malade_0180,dataset\malades\malade_0180.jpg,malade,1,17.538,997c2a9de9e0f7d521806f1849e7b85b216d320a946e85ca6d73099e27687283,True,,256,256,0.1152496337890625,0.8878326416015625,136.2337028443757,1933.7258805644544,False,aucun
malade_0181,dataset\malades\malade_0181.jpg,malade,1,16.325,da34343e3094daca4b920734f77102b032b4dee0a86899d776893b702038de45,True,,256,256,0.16766357421875,0.8376617431640625,144.25451299706722,2382.9185576406917,False,aucun
malade_0182,dataset\malades\malade_0182.jpg,malade,1,12.014,53ba2bc5a66e7bca10f99b1ef932de4b71c2798e3d6ee29a43263f077ef8bae0,True,,256,256,0.4064788818359375,0.5984344482421875,138.53695912695378,2389.4996185046034,False,aucun
malade_0183,dataset\malades\malade_0183.jpg,malade,1,11.273,4967056488dd48a5088376cddcb1fb6d5c869fd737695cc51773432c7e5a22d9,True,,256,256,0.204437255859375,0.798797607421875,121.0952053486151,730.0765739467566,False,aucun
malade_0184,dataset\malades\malade_0184.jpg,malade,1,11.175,6e1bf26f4a680f297f631660faf1bd752099d1d80a8dbfa2128559b92cc6fe6b,True,,256,256,0.1659393310546875,0.8371734619140625,136.45176341930193,645.1636221945702,False,aucun
malade_0185,dataset\malades\malade_0185.jpg,malade,1,14.481,badce4717d538b51c2faaea32d4254f80be34eddc41e7b6f97a3b74b84fa573f,True,,256,256,0.144439697265625,0.8603363037109375,118.2000780377064,1093.2413684911044,False,aucun
malade_0186,dataset\malades\malade_0186.jpg,malade,1,14.36,375b65a890cdbff6c13c39900aa435a2a734a94e78781d931c0101204dea3a83,True,,256,256,0.312957763671875,0.6951904296875,122.78887181738367,2273.174441502431,False,aucun
malade_0187,dataset\malades\malade_0187.jpg,malade,1,11.341,5b0cfa76b583decb820caafbb3f06a13a78aad15f33af9cd363aa7fc27b3e578,True,,256,256,0.2640533447265625,0.7406158447265625,128.79102540330058,1346.0386884872164,False,aucun
malade_0188,dataset\malades\malade_0188.jpg,malade,1,13.675,91c90ebb5fbee34eaaf7ae504437b16e4012f2da01969d377552a7269fb2d379,True,,256,256,0.2116241455078125,0.7928466796875,134.86249037721325,1380.2485362693128,False,aucun
malade_0189,dataset\malades\malade_0189.jpg,malade,1,9.731,9693507a6302b90c8de12bcf909e9dc9cfcb2f968437e2d9fe53c89a49a9a5fe,True,,256,256,0.35076904296875,0.65155029296875,132.9564637002342,699.3339778417038,False,aucun
malade_0190,dataset\malades\malade_0190.jpg,malade,1,11.88,12b739f7091f00a6af4476cb00711e9b2832f6a2550449d81e92e71225d9ae97,True,,256,256,0.4104461669921875,0.5946807861328125,136.83391065609524,2097.5936044597333,False,aucun
malade_0191,dataset\malades\malade_0191.jpg,malade,1,15.182,18da3eb1ed1905305a33b70d4f60612309727e99dbff6ef7a27c33ca5e0449a6,True,,256,256,0.280487060546875,0.725067138671875,121.13731638536976,2309.39162105534,False,aucun
malade_0192,dataset\malades\malade_0192.jpg,malade,1,9.784,947994ac352a865a2dc6f91accb187c539c2b0aa14b0079ba1f153b82220e9a8,True,,256,256,0.4092254638671875,0.5945587158203125,72.5052226356987,1423.6648340443915,False,aucun
malade_0193,dataset\malades\malade_0193.jpg,malade,1,17.715,ba07c8f560905b1d2c6eb53a94a5026598d401f51571b3dcf92363a22fc05421,True,,256,256,0.1096649169921875,0.8958892822265625,138.14971130754688,2370.207762322215,False,aucun
malade_0194,dataset\malades\malade_0194.jpg,malade,1,19.365,1d59939dad985273eaf445a983b11a7d55664cb046d092a918983412c308beff,True,,256,256,0.0238189697265625,0.9814605712890625,131.13746676824056,2514.541567144905,False,aucun
malade_0195,dataset\malades\malade_0195.jpg,malade,1,15.268,b860a747e7e5c610d28651afd25a05fc215bff3410f80e75bb57bf6a95af9400,True,,256,256,0.357269287109375,0.64764404296875,123.28150032984638,3238.14066868751,False,aucun
malade_0196,dataset\malades\malade_0196.jpg,malade,1,16.947,a21446d08c2e2fe83b9e686770c0cae9225bc592b33b7aa527957a1bcb35d8df,True,,256,256,0.093505859375,0.91033935546875,132.54306067717064,1723.7481252924017,False,aucun
malade_0197,dataset\malades\malade_0197.jpg,malade,1,14.837,6ec7fb9f3a109d16ebcafd742608376264866747033134863750a1e98bb748f2,True,,256,256,0.0988006591796875,0.9039764404296875,131.04484918049388,1250.3478301936232,False,aucun
malade_0198,dataset\malades\malade_0198.jpg,malade,1,13.067,01cba60dcd4a9f19ce6889eb2dc788d6e074e51eb53d05f1a3e5f52be88a2217,True,,256,256,0.3134613037109375,0.691070556640625,151.22578935747404,1935.441844650122,False,aucun
malade_0199,dataset\malades\malade_0199.jpg,malade,1,12.557,1b10692b99c2e4e221e4cad7dbc4e1a967661fc046cb78c1acdc89d6554622c0,True,,256,256,0.270477294921875,0.7327728271484375,127.20835849488786,1463.9197590358058,False,aucun
malade_0200,dataset\malades\malade_0200.jpg,malade,1,14.002,10572a10825598ed1f461efd74d5d403e33239016da3dc4b7b7c00bdb6811982,True,,256,256,0.2576141357421875,0.7485504150390625,123.1282997329637,1560.5147580495984,False,aucun
malade_0201,dataset\malades\malade_0201.jpg,malade,1,14.669,fb3fccea2bce88f9ca8e2d44b1cce13d9fe5c38c7f8201c259d02a11fe9131d6,True,,256,256,0.334136962890625,0.668792724609375,116.53013917408168,2682.9341590970525,False,aucun
malade_0202,dataset\malades\malade_0202.jpg,malade,1,12.283,a9d23212a0ef954dd6955797c9c67a00d5651dd05d72e6560c9995cda00812ef,True,,256,256,0.370361328125,0.63519287109375,89.40540021139617,2591.169930085433,False,aucun
malade_0203,dataset\malades\malade_0203.jpg,malade,1,12.095,c34f67775176bf71e8fdabfa8a8bb0254734eb543de3fc908e689bdacfa66b0b,True,,256,256,0.32965087890625,0.676300048828125,119.26090880375435,1358.359870399055,False,aucun
malade_0204,dataset\malades\malade_0204.jpg,malade,1,13.723,482b913b55a53f695761edcdf1073c94fba215ce571472551e1eef89a3e358ae,True,,256,256,0.1607208251953125,0.8442535400390625,134.22996981691338,1084.164406244795,False,aucun
malade_0205,dataset\malades\malade_0205.jpg,malade,1,13.032,a1d3e8f3e437904fec5f119623ddfcc215ad7765a44f8ab963a6373c5d1dc1f9,True,,256,256,0.274078369140625,0.7288970947265625,118.70623207519522,1232.9772515438879,False,aucun
malade_0206,dataset\malades\malade_0206.jpg,malade,1,14.187,9533f6ff976c6c4eca820bfadbb60873d9911a2bff55dbbc8363c8e66949f9f4,True,,256,256,0.1751556396484375,0.8282470703125,125.5605563743552,1404.0654817724383,False,aucun
malade_0207,dataset\malades\malade_0207.jpg,malade,1,12.23,fbdf57f347e949440e1d42d8a9dfc410673963326c52f7f91cf3f430d31b7965,True,,256,256,0.47955322265625,0.5247650146484375,127.51414614288622,2940.6598169713557,False,aucun
malade_0208,dataset\malades\malade_0208.jpg,malade,1,12.913,cbbc1ebd15967eabdc2864b5f03fbdc82ce9791cecf1a23488cd11aae60212eb,True,,256,256,0.4805145263671875,0.52386474609375,122.16416171501805,3747.6579360784995,False,aucun
malade_0209,dataset\malades\malade_0209.jpg,malade,1,12.014,dcc707d9967f82aed5f66ceaae8ab776b3c44bc72602552e8680aee3a7faa9da,True,,256,256,0.4887847900390625,0.5180816650390625,142.08558890230614,3187.881292976277,False,aucun
malade_0210,dataset\malades\malade_0210.jpg,malade,1,12.148,2517f2f20eedb36fcae1366a025d7e478bb98d136ced3cfc96d583b9c23de4c5,True,,256,256,0.3076934814453125,0.6947784423828125,117.73092043133552,1690.1347794915648,False,aucun
malade_0211,dataset\malades\malade_0211.jpg,malade,1,12.622,8ecc95e221743fe2b9a2c792a1d7b96892f6f62a105fe367f995a4da4e9e143b,True,,256,256,0.3526763916015625,0.6527557373046875,134.23411019425419,1839.5600554063749,False,aucun
malade_0212,dataset\malades\malade_0212.jpg,malade,1,13.778,3f1b82fdf5e09f402f5b602253c65afa72c3f3820482307749c0ac12fc028a66,True,,256,256,0.3444366455078125,0.6623077392578125,135.04361248704066,1828.523327747815,False,aucun
malade_0213,dataset\malades\malade_0213.jpg,malade,1,12.278,b160c5ac45f16fa9404a217f918c3acb31b9e5faa4ca8be53ed92a36c86b65f6,True,,256,256,0.421966552734375,0.582183837890625,125.57999161293705,2302.7230416790385,False,aucun
malade_0214,dataset\malades\malade_0214.jpg,malade,1,15.373,559a68af415f99e09187e5b78c1f229237233422f07f924848fff65c26aaa306,True,,256,256,0.13336181640625,0.869140625,120.21571278089888,1452.5758761664874,False,aucun
malade_0215,dataset\malades\malade_0215.jpg,malade,1,12.964,dd13c700216221c44355ba5da7f733b75f78dcde4fc608ea7d62ae20e395d5ac,True,,256,256,0.24200439453125,0.7605438232421875,126.48309692434243,1218.5498586420863,False,aucun
malade_0216,dataset\malades\malade_0216.jpg,malade,1,14.034,3f61a9c3073b42f416d435b98826a37fc61117abe05d2880332b6375d90b64df,True,,256,256,0.3604278564453125,0.6453704833984375,124.33980375930962,3112.608854549152,False,aucun
malade_0217,dataset\malades\malade_0217.jpg,malade,1,16.948,58356c1f911e5e333633c4f69e0befa504ae13eb6654130923dab33de8925f81,True,,256,256,0.2947235107421875,0.7085723876953125,116.0422292568426,2832.9413753997683,False,aucun
malade_0218,dataset\malades\malade_0218.jpg,malade,1,11.276,29eb3eba6174fb4edafd4e4c1bfe6ce7036acc7fc382e2ef5003787a3388334f,True,,256,256,0.48406982421875,0.5179901123046875,88.31437240404159,1520.5933615313204,False,aucun
malade_0219,dataset\malades\malade_0219.jpg,malade,1,13.735,e7c5a9fe65574608532c580c173f1cab78ccc77fcab9dab38175c7e4bbdda006,True,,256,256,0.23785400390625,0.76641845703125,115.07191208091105,1264.22958463147,False,aucun
malade_0220,dataset\malades\malade_0220.jpg,malade,1,13.598,07658352013d7b32a3d117574c85ed1d781e9c50046a69369fe8f663ce321d0e,True,,256,256,0.254974365234375,0.7531890869140625,108.82445655476997,1541.789434648108,False,aucun
malade_0221,dataset\malades\malade_0221.jpg,malade,1,17.649,89c499c195f43801bcd10befa31d1b4229bc9575d7858e7af29dbfc556f70622,True,,256,256,0.176666259765625,0.8264923095703125,129.1469583679498,2557.678374494773,False,aucun
malade_0222,dataset\malades\malade_0222.jpg,malade,1,10.844,5ae5bb86d572fbfcf92114e6b49558ba8e09cbbc95e0121d504aeaecab84f1bf,True,,256,256,0.394317626953125,0.6074676513671875,130.6907387405491,1202.323602528011,False,aucun
malade_0223,dataset\malades\malade_0223.jpg,malade,1,12.811,b8648279449ecd43e8cc0f23b31f3bd6f3bc18bb3944f3989b0356d0d96dad21,True,,256,256,0.2513885498046875,0.7525177001953125,126.60299693817548,895.0446536869459,False,aucun
malade_0224,dataset\malades\malade_0224.jpg,malade,1,17.775,a3ed8791c24849481057c6c7eb2a4a794ab91d1d89f26653ed6875d931e0d046,True,,256,256,0.322174072265625,0.6837615966796875,124.83267501283167,4139.381727766226,False,aucun
malade_0225,dataset\malades\malade_0225.jpg,malade,1,15.87,08a1ad60ee1770677c757d4caf2a5e0f5c803e12d7dac054e41ca1e4c4115ccf,True,,256,256,0.2247314453125,0.780487060546875,153.4666862170088,2623.3718554272264,False,aucun
malade_0226,dataset\malades\malade_0226.jpg,malade,1,13.714,535c090cfdebd78bc8a1bfe9d174b7e9581c5ff83af4b165e182e28448729b9c,True,,256,256,0.3123931884765625,0.6927032470703125,128.91041258232923,2055.133840731438,False,aucun
malade_0227,dataset\malades\malade_0227.jpg,malade,1,18.371,3c68b4d1af02877cd92a0dbf6df9938d784e161cdaf479317220df6942bb9d15,True,,256,256,0.204864501953125,0.7991790771484375,115.70159427207638,3053.395865359254,False,aucun
malade_0228,dataset\malades\malade_0228.jpg,malade,1,16.056,b9809845c813d0a3e2d25ca1c1e38d1be36792d9d6b10c5cb146395863a9c189,True,,256,256,0.1472015380859375,0.8577117919921875,121.5438615217662,1710.2115428834431,False,aucun
malade_0229,dataset\malades\malade_0229.jpg,malade,1,15.47,551d054e29b69027d83bac3e18d8096254a5272a7ce98938c79a52ceb24df0e0,True,,256,256,0.3205413818359375,0.6875152587890625,135.00497148056905,3008.620649587716,False,aucun
malade_0230,dataset\malades\malade_0230.jpg,malade,1,14.503,e169df59404ea9ba0eb27fc31899cd6edabaad2da7f1828f66d7d7344bdfc479,True,,256,256,0.399993896484375,0.604400634765625,127.69916687705125,3261.253678873307,False,aucun
malade_0231,dataset\malades\malade_0231.jpg,malade,1,12.919,d5046156419bed89d6bc486e12e0d7d95b77224d3be8fad7844c39a3204067de,True,,256,256,0.263153076171875,0.741180419921875,113.97078684069668,1530.2890241623406,False,aucun
malade_0232,dataset\malades\malade_0232.jpg,malade,1,15.146,b0bade48e1dba92df5ade1c7e0a51821cae676dcf3638837712850432324c336,True,,256,256,0.31793212890625,0.6862335205078125,138.40535432370532,2553.347515719931,False,aucun
malade_0233,dataset\malades\malade_0233.jpg,malade,1,13.12,2d316466c1e13e60cbc7208c930f09b72b4dbdaf9ad597a5cf387a3549fc4dfe,True,,256,256,0.29693603515625,0.70697021484375,137.85556418889752,1834.964607825913,False,aucun
malade_0234,dataset\malades\malade_0234.jpg,malade,1,10.942,deac166bbca36463bf6f24432fd2d99bbb10fac298a373413c7e566f663c68e7,True,,256,256,0.4614410400390625,0.540863037109375,94.13262427354286,2300.929481602934,False,aucun
malade_0235,dataset\malades\malade_0235.jpg,malade,1,17.564,a2bf1a50ac55c0b90cee507cd7d2c200c1bd52cd8d923180df63f698a60c7e9c,True,,256,256,0.270233154296875,0.735260009765625,122.99968870626323,2964.787654307292,False,aucun
malade_0236,dataset\malades\malade_0236.jpg,malade,1,13.676,43834f80e466f5210f15a6b1d9054cc2af05d4a801f0fb5680da1f017cf89743,True,,256,256,0.36492919921875,0.6397705078125,143.29562583476437,2381.3029328568673,False,aucun
malade_0237,dataset\malades\malade_0237.jpg,malade,1,15.714,2ebc778899b14f8a83551ebde235b7b83ca61e46cec7b07a9d3e32f090146679,True,,256,256,0.32073974609375,0.6829833984375,136.29367739052725,2389.770397496308,False,aucun
malade_0238,dataset\malades\malade_0238.jpg,malade,1,18.1,7d7ea70bf00fed1f054eec201e07c1364713f86ce1dc54000cd2013b290cab5b,True,,256,256,0.3331451416015625,0.672882080078125,143.54932196471495,4766.151429142947,False,aucun
malade_0239,dataset\malades\malade_0239.jpg,malade,1,14.383,f499d8c268bca4d5e8f2b89e70651d88034555261703633488b26684d43ca2e7,True,,256,256,0.182861328125,0.8198394775390625,117.45513596009604,1848.6566203551781,False,aucun
malade_0240,dataset\malades\malade_0240.jpg,malade,1,14.011,d6ae95c03b57a0857b5b544535cd50248b154e5bf78246e37dbbddbdcead4f58,True,,256,256,0.3057861328125,0.6991424560546875,98.41910561120932,2661.15251548597,False,aucun
malade_0241,dataset\malades\malade_0241.jpg,malade,1,15.03,88dc2caa6cb7572c2a6693c915e01767869b756d5ea2e1f9c1e79b8488481036,True,,256,256,0.1885986328125,0.8178863525390625,123.83140239920897,1457.1692690615907,False,aucun
malade_0242,dataset\malades\malade_0242.jpg,malade,1,17.89,6d0d1e39f09ba7ab70cae2048916a48d398bc22490954d32d3a4b584272ddebb,True,,256,256,0.3186187744140625,0.68426513671875,128.46115422353046,4156.152539415901,False,aucun
malade_0243,dataset\malades\malade_0243.jpg,malade,1,15.077,9d93f5d4aa449e788c62b0760086a99462f022d61c790283002457d8352f2423,True,,256,256,0.389801025390625,0.61505126953125,115.09747444675995,3399.8339428573986,False,aucun
malade_0244,dataset\malades\malade_0244.jpg,malade,1,18.797,fe3eebfab0aabcc69ce6d9416811ee7dac82bc5454acb60d36ac30ea09233e63,True,,256,256,0.11065673828125,0.892181396484375,118.89728065674704,2451.031232947779,False,aucun
malade_0245,dataset\malades\malade_0245.jpg,malade,1,14.968,a6c942ab25e4695d4917d6236804498353bc3d3e2328d0775f3c31f12158c92c,True,,256,256,0.1408843994140625,0.8624725341796875,155.0611609433328,1719.5642044473889,False,aucun
malade_0246,dataset\malades\malade_0246.jpg,malade,1,12.678,e7418bd4d455259d095fed29a94772bdf318611374f98e70b56eadd59a2691af,True,,256,256,0.3775177001953125,0.62677001953125,119.5429204401597,1870.933877404485,False,aucun
malade_0247,dataset\malades\malade_0247.jpg,malade,1,17.293,4ec17126d3f751e93349d8a7a38a33fa11a3382e19cad6dd7eeaa1237053a901,True,,256,256,0.1735382080078125,0.8309783935546875,122.19941607447805,2132.978136837397,False,aucun
malade_0248,dataset\malades\malade_0248.jpg,malade,1,9.599,b8460106aaa393a43c5b5f40f78addc0a7b248868b37cc05295c55fa149cf31b,True,,256,256,0.424407958984375,0.578826904296875,93.03645805873359,950.0544186119878,False,aucun
malade_0249,dataset\malades\malade_0249.jpg,malade,1,15.324,6b5e2ee42a416bc2af0b8a3a85d8168e6da5e43f4ee7c2971915705fe7fd7fa5,True,,256,256,0.2341461181640625,0.770965576171875,127.07987966591458,2253.8690217282556,False,aucun
malade_0250,dataset\malades\malade_0250.jpg,malade,1,15.067,e32b76951b59fa18eff69e677aab7ebe1ec1766071f0c96ca2694baaa9b19a4d,True,,256,256,0.2679595947265625,0.7373809814453125,125.96902224521469,2568.6479192435463,False,aucun
malade_0251,dataset\malades\malade_0251.jpg,malade,1,12.18,d59fca02546fe844ba930d996e38e747f38849dd9020207cd1789b87d4336788,True,,256,256,0.397674560546875,0.609893798828125,133.8486614961221,1775.5847968544585,False,aucun
malade_0252,dataset\malades\malade_0252.jpg,malade,1,15.416,c372f8841c1006f6b3c71ae2a5605feb804a9039439368c85bf44e403e526bf9,True,,256,256,0.1381683349609375,0.8673095703125,120.73091133004927,1520.3444040827098,False,aucun
malade_0253,dataset\malades\malade_0253.jpg,malade,1,15.614,737c1286115a8346e7faa30977d1518bf87e333d1d36c06a8c57a70e54763376,True,,256,256,0.2510833740234375,0.752044677734375,118.05900255650693,2275.480737174549,False,aucun
malade_0254,dataset\malades\malade_0254.jpg,malade,1,16.887,35726f969180be54d98211e58a5ebdb1532a57b4c742ed4ca4f4cee0ec1dee7a,True,,256,256,0.16583251953125,0.842987060546875,129.00671541831082,2062.1874078123724,False,aucun
malade_0255,dataset\malades\malade_0255.jpg,malade,1,11.046,53d96a38cf3d8120e5e13b96eba3207f569cceca9df720a782b172e3ada01169,True,,256,256,0.1109466552734375,0.8928985595703125,119.82782781072167,661.8650906414501,False,aucun
malade_0256,dataset\malades\malade_0256.jpg,malade,1,13.461,4e1f2c90d6590c163fbd8183c57c7413bf3b128f8cfa6810d822f0011e69d14a,True,,256,256,0.4820098876953125,0.522216796875,116.60553997194951,3750.6331432674347,False,aucun
malade_0257,dataset\malades\malade_0257.jpg,malade,1,18.894,f1570325fa8b60e9984917ec0380d227664b01ab884ba7cecd3ccae8839e1c5b,True,,256,256,0.1306610107421875,0.872406005859375,126.87931577290377,3020.408887719211,False,aucun
malade_0258,dataset\malades\malade_0258.jpg,malade,1,17.253,8dd29cf472dafbfcbad04f240c952c95cbff8e2911dd87178e6d4890894ebf4e,True,,256,256,0.310760498046875,0.693450927734375,116.30900409276944,3308.793449073324,False,aucun
malade_0259,dataset\malades\malade_0259.jpg,malade,1,17.235,cf92f762c693d100395810e1edffa51160c8fbb02315a90a095778c7c5afc2c3,True,,256,256,0.3144683837890625,0.6921234130859375,137.4185718380035,4758.17475631637,False,aucun
malade_0260,dataset\malades\malade_0260.jpg,malade,1,19.649,75c4031eec25cfa3298e29895b9a1440f49df6abbf7ab4bd865d8ae6476ea125,True,,256,256,0.1868743896484375,0.8199462890625,130.14476328718177,4327.4878171646415,False,aucun
malade_0261,dataset\malades\malade_0261.jpg,malade,1,13.581,4283bfeb02511b6268792e230ecacf37a08cd0d19ca22d14c6bc975277eb5d9e,True,,256,256,0.4104461669921875,0.59527587890625,144.3119296626679,3109.0689269831814,False,aucun
malade_0262,dataset\malades\malade_0262.jpg,malade,1,16.917,8b972c6532f01236e81c34fc848d221b0c87eee78663fe9b8107108c49a943b0,True,,256,256,0.280242919921875,0.7263031005859375,128.79873526754764,3532.3493102252596,False,aucun
malade_0263,dataset\malades\malade_0263.jpg,malade,1,19.982,fee65bb9e5f18c8f5fb8d2db50fd9adf06926c9839f36077270f3f00932c07a4,True,,256,256,0.134490966796875,0.8698272705078125,147.32037540566617,3562.6982938353517,False,aucun
malade_0264,dataset\malades\malade_0264.jpg,malade,1,17.278,53eae602861cd645b46a0cc20ee5cd722186ea42d2af2ee1a7dca113e35ec63e,True,,256,256,0.2989044189453125,0.7053680419921875,129.62134683193804,3945.926184339275,False,aucun
malade_0265,dataset\malades\malade_0265.jpg,malade,1,14.26,f64a6f718070b660e068c1b644db3c7cfcd208468c5499b27de9dbc62e647724,True,,256,256,0.354766845703125,0.6484375,136.20274849397592,2920.8655997259834,False,aucun
malade_0266,dataset\malades\malade_0266.jpg,malade,1,16.884,a8ea8fa402650df445143b8d57a844d517eb688bcbd9f3a66cc6d85e551f18c1,True,,256,256,0.275360107421875,0.7292327880859375,131.20244397480698,3188.1925956214322,False,aucun
malade_0267,dataset\malades\malade_0267.jpg,malade,1,12.685,95dee81bcfa07f59c5fcf525f25882395c7a56b001f7894fffba5b9642f4825d,True,,256,256,0.3437347412109375,0.6614990234375,117.5289952020668,1698.9894178485981,False,aucun
malade_0268,dataset\malades\malade_0268.jpg,malade,1,14.459,851cb2b1ab22fb2998427cbf64fc9cf4e1907ab46b2ebda7756fa004eef3ba64,True,,256,256,0.3041839599609375,0.700164794921875,127.96225428235192,2632.9356183943405,False,aucun
malade_0269,dataset\malades\malade_0269.jpg,malade,1,16.445,b4fad6643b30842fbed8d1b195d07dd5eb8e72213bea458626d0b1bcd4ab3d2f,True,,256,256,0.189605712890625,0.816009521484375,108.68401959684356,2448.35591922774,False,aucun
malade_0270,dataset\malades\malade_0270.jpg,malade,1,16.405,016acd6b0b1d8013b43efa29b7fc3d3c24f81969058dfc606dba8c4aaa116c46,True,,256,256,0.183929443359375,0.8190765380859375,120.03347677862851,1934.6024580548576,False,aucun
malade_0271,dataset\malades\malade_0271.jpg,malade,1,16.963,f831507dcc1f6f4e136cf5571b0531353191417d7ae1feba8ccd6fa0313b5857,True,,256,256,0.2639617919921875,0.7413482666015625,111.56686220026758,2672.6138790655027,False,aucun
malade_0272,dataset\malades\malade_0272.jpg,malade,1,15.282,370d4eac7229d93666459099615b244993a9eef6c01cdf229343cf8fa7a2b75c,True,,256,256,0.1723785400390625,0.8356170654296875,97.62533097164143,1451.9357001922872,False,aucun
malade_0273,dataset\malades\malade_0273.jpg,malade,1,12.171,6dbdd896c49961fb3dd3dc34ed6a94e2c1805fd71ad0f719c6979155b5b07225,True,,256,256,0.2945404052734375,0.70849609375,137.4725404893177,1225.9804123418771,False,aucun
malade_0274,dataset\malades\malade_0274.jpg,malade,1,12.729,51a5706890836439e3b1eed6d53757d682dcef6a8cb3ccbccf6d459d3c2b990d,True,,256,256,0.15814208984375,0.844329833984375,120.6062999240973,954.3591891755317,False,aucun
malade_0275,dataset\malades\malade_0275.jpg,malade,1,13.587,d1d80ae04e15183f39492f51ac90aee2907ee298fca509ee5251e7e6e985540a,True,,256,256,0.143829345703125,0.858673095703125,138.42852827238156,1118.4391815840409,False,aucun
malade_0276,dataset\malades\malade_0276.jpg,malade,1,12.338,67f271291f4d91f4cb81004ae83ff18f56c326741fda835a1d9a1a7a88aa03fe,True,,256,256,0.2154693603515625,0.787445068359375,110.69885284656823,991.2893879862017,False,aucun
malade_0277,dataset\malades\malade_0277.jpg,malade,1,10.706,1300357bfe2da064ec3b99da731fe46319f69e8f5c351875121b3e57cce57c84,True,,256,256,0.2084503173828125,0.7954559326171875,115.55631006502848,885.2964183014889,False,aucun
malade_0278,dataset\malades\malade_0278.jpg,malade,1,13.499,b02a0db0705ac33709e42663341a99eba4488036b4f18407cb5508a2f95044ea,True,,256,256,0.0613555908203125,0.94036865234375,137.01392224313625,815.3500788056297,False,aucun
malade_0279,dataset\malades\malade_0279.jpg,malade,1,12.437,5eff0595edd0ff776b1792489d9d6338831caeca8b6a3e7861ab8bb4ba83f888,True,,256,256,0.2272186279296875,0.7779693603515625,138.96393056781406,1337.3530059033474,False,aucun
malade_0280,dataset\malades\malade_0280.jpg,malade,1,17.136,9f28fc72844a65845a7a024608146f3f12559a334fda82c53f3828841e5abcee,True,,256,256,0.2231292724609375,0.7811126708984375,121.18245394698287,2979.324177115773,False,aucun
malade_0281,dataset\malades\malade_0281.jpg,malade,1,12.473,87ef98fc57894f8ece5e720efaf1593495a65b60c045617353f7c93e4b5f2e29,True,,256,256,0.3843231201171875,0.6189422607421875,137.9344969553534,1687.3784710046104,False,aucun
malade_0282,dataset\malades\malade_0282.jpg,malade,1,17.02,e128f4e474c8343adc32a43173718fac852c4ce26b92ff2eb711b098b1489651,True,,256,256,0.220672607421875,0.782562255859375,119.67182076980073,2720.702180256068,False,aucun
malade_0283,dataset\malades\malade_0283.jpg,malade,1,13.656,643c32a3273adfd6a249d8d5a99436d60e1154bcd95018c5686f989003cdd803,True,,256,256,0.3458709716796875,0.6572418212890625,99.65159148422445,1642.4781192770586,False,aucun
malade_0284,dataset\malades\malade_0284.jpg,malade,1,10.61,a0aa23a9e4b2d5c5ea88e8b5f62a4586facf84b5eeb4d1647761f15086a311dc,True,,256,256,0.479248046875,0.52392578125,127.65389095992545,1827.1611356717976,False,aucun
malade_0285,dataset\malades\malade_0285.jpg,malade,1,14.056,13edd44a576e435d417040d22a623f49db10bdde968db539802e7b57968c40d0,True,,256,256,0.33404541015625,0.6681976318359375,139.90212600762715,2240.956755938619,False,aucun
malade_0286,dataset\malades\malade_0286.jpg,malade,1,8.425,2a403960357176bf479e8730d1d943dfb860d4811ec8212f454ce1009954395f,True,,256,256,0.6564178466796875,0.3494415283203125,135.9941487271298,2459.721617368477,False,aucun
malade_0287,dataset\malades\malade_0287.jpg,malade,1,11.672,a2574b615ff9f83e23865c1dfe621db8ffd289c7c7d0828e4dd01e66b12d7b22,True,,256,256,0.4576873779296875,0.5476531982421875,155.90415424479676,2627.0783176088758,False,aucun
malade_0288,dataset\malades\malade_0288.jpg,malade,1,12.526,b7aaf95a9b9bf81d5ec66c952c532b9cd6fb1e99a003926a4371016f0c0563bc,True,,256,256,0.416229248046875,0.5865936279296875,133.24722316156388,2211.655609007157,False,aucun
malade_0289,dataset\malades\malade_0289.jpg,malade,1,12.818,aa0faada65afc82bd58104c6020e1fe31e42669cd8b038101968a95ac0a31c2a,True,,256,256,0.500640869140625,0.504058837890625,125.10916025912697,3846.9347555600975,False,aucun
malade_0290,dataset\malades\malade_0290.jpg,malade,1,12.287,347fd8133f0551662399b5a6ba68662ba5cb980d6d7fe4f4b331f12f8601ce6a,True,,256,256,0.28668212890625,0.71759033203125,129.81912902951433,1407.3399134143963,False,aucun
malade_0291,dataset\malades\malade_0291.jpg,malade,1,12.87,e6e92577e0f9500644fe915894bf40d2f703c25c058a5ac44fb7c325d304134f,True,,256,256,0.48370361328125,0.5210418701171875,129.4303452719126,3295.396719567037,False,aucun
malade_0292,dataset\malades\malade_0292.jpg,malade,1,12.106,85dd8ae5efeab89319262d50e8b3c0fd65cc51d6def70ae82304c6593b6b92ca,True,,256,256,0.5155181884765625,0.4901580810546875,124.95931264203219,2806.3996493787067,False,aucun
malade_0293,dataset\malades\malade_0293.jpg,malade,1,10.45,9eb30a1e3b6f3a207c32fdb7d08918af5ef14040ffc6efa5568e7ba57b260504,True,,256,256,0.39044189453125,0.6130828857421875,144.77844147440206,1772.2957994513415,False,aucun
malade_0294,dataset\malades\malade_0294.jpg,malade,1,12.066,67f85ed687f78f4af6752497e5d8ee5afa146eb7fdf393b8775ee0fe77974401,True,,256,256,0.4071197509765625,0.597686767578125,114.1070462088333,1371.632584958413,False,aucun
malade_0295,dataset\malades\malade_0295.jpg,malade,1,11.2,38af349370de33f5a620993b846a966d024a867ce34748f0c5dcd32587d39acd,True,,256,256,0.34259033203125,0.660736083984375,137.705602512586,1316.3415117483153,False,aucun
malade_0296,dataset\malades\malade_0296.jpg,malade,1,15.568,29312940bdd7467dcac33d5d79991842c0b3928b4ccf5e1b697bca9b0028b349,True,,256,256,0.3865814208984375,0.6180572509765625,129.91786199234662,3782.1207319619184,False,aucun
malade_0297,dataset\malades\malade_0297.jpg,malade,1,12.745,6dbff3ee01befd48eaebea09471b415a6a5ce817b0527450a04bbd59df35db53,True,,256,256,0.3440093994140625,0.659759521484375,121.59429205791203,1454.7483618964263,False,aucun
malade_0298,dataset\malades\malade_0298.jpg,malade,1,10.726,dd965c9809d0819e083585190b76d094c654ee6bbc21f380455c37d552b31526,True,,256,256,0.372589111328125,0.6322174072265625,136.13489247701108,1217.2454048679624,False,aucun
malade_0299,dataset\malades\malade_0299.jpg,malade,1,15.218,a09d6cddddf02983d8ef3d016e86e2bfc9fc33643b43fe0a44e838bece787861,True,,256,256,0.3813629150390625,0.621673583984375,130.1249079573904,3583.0367080042274,False,aucun
malade_0300,dataset\malades\malade_0300.jpg,malade,1,17.562,e870e9cecacb7ea1afcb99cba204f0c7a89dd1c56eca93904615540aadda5f28,True,,256,256,0.2324371337890625,0.7704925537109375,120.66210515892662,3011.5339057269075,False,aucun
malade_0301,dataset\malades\malade_0301.jpg,malade,1,17.174,c247974758664442545a0d3e347aae2e70917a5389e32510111752a030e3852f,True,,256,256,0.2443389892578125,0.759185791015625,119.18774369899907,2031.2793936431342,False,aucun
malade_0302,dataset\malades\malade_0302.jpg,malade,1,16.326,a9b5d2309ede2d08abfd3d9b6342fae1209642df4c9064b26c9c6ba484f5e607,True,,256,256,0.3050384521484375,0.698760986328125,135.6524872254007,2665.7971324671093,False,aucun
malade_0303,dataset\malades\malade_0303.jpg,malade,1,15.314,6c9d5193c98709d6065341be00a630a38ed551d965786429a13fa76a58592610,True,,256,256,0.152679443359375,0.851043701171875,117.11772510488758,1247.7932992593428,False,aucun
malade_0304,dataset\malades\malade_0304.jpg,malade,1,15.212,d34cc876cff4fe8efb656275cf4d3184e360efd79144e20def49f623241adcdb,True,,256,256,0.3287811279296875,0.6756134033203125,118.44409061137837,2670.3224270499613,False,aucun
malade_0305,dataset\malades\malade_0305.jpg,malade,1,14.03,49b9ec96792e84a50aaae7f61a55b976726cdd54a2ddd989eb4233773954997c,True,,256,256,0.4465179443359375,0.55926513671875,133.99487067554296,3016.7616836720103,False,aucun
malade_0306,dataset\malades\malade_0306.jpg,malade,1,13.163,6cde0527f0070110880a6032a7b987f6a4010dda7088c001f1804b82920c0876,True,,256,256,0.373931884765625,0.62841796875,125.11621017871018,2235.9888683634767,False,aucun
malade_0307,dataset\malades\malade_0307.jpg,malade,1,14.066,4528e9e23cb232a8e04d6ab906c44199c9ae1a6658e260ac0f9974ee4cbf18d8,True,,256,256,0.3442230224609375,0.659515380859375,131.85514321410392,2037.6609772047627,False,aucun
malade_0308,dataset\malades\malade_0308.jpg,malade,1,13.457,51259fa019c5645d224a543cd9e81e68b82d37fbcb11cd54493ce7228bbd8f36,True,,256,256,0.3590240478515625,0.644439697265625,119.90150116020268,2149.923875751972,False,aucun
malade_0309,dataset\malades\malade_0309.jpg,malade,1,12.095,6bf2b4a327d1619278c348657ceafffe2027c17550c0c3444c1e014809f3639d,True,,256,256,0.34228515625,0.662322998046875,108.68126526286689,1643.4790174730065,False,aucun
malade_0310,dataset\malades\malade_0310.jpg,malade,1,9.111,fa1254a909266dcb75513b38c66334fbd09971ccbcec0ab7cf6efaa76d67c0f9,True,,256,256,0.448944091796875,0.554595947265625,131.7039839322071,1040.0979652732274,False,aucun
malade_0311,dataset\malades\malade_0311.jpg,malade,1,15.621,6928494872aaeee6ed8a94998e55d5cc13fdcb94d376f8977ca2ee46ee76b85b,True,,256,256,0.1587066650390625,0.8481903076171875,132.32991526795834,1658.69682338198,False,aucun
malade_0312,dataset\malades\malade_0312.jpg,malade,1,14.31,f9ebc2e32f96210686e8361d6d9690121f40b23206f69f3950a67f2b767488bc,True,,256,256,0.282623291015625,0.72711181640625,146.30668177621087,1902.232905384246,False,aucun
malade_0313,dataset\malades\malade_0313.jpg,malade,1,14.79,0d3f83313224ce31122fd2de5cc6384a179e08e6b3fb1cfce7cb57302fd81e9f,True,,256,256,0.32659912109375,0.6782073974609375,152.04056516750288,2623.7893042352844,False,aucun
malade_0314,dataset\malades\malade_0314.jpg,malade,1,13.43,e0a0fec8e7a9a188ed59f155b45bb3c5cad7786abfee3b111b2934b4408f2048,True,,256,256,0.3468170166015625,0.6576080322265625,129.60110912592523,2233.4334720124034,False,aucun
malade_0315,dataset\malades\malade_0315.jpg,malade,1,13.934,3db0c613dded3f61c1afaaba22f585c83b8bdfad704fcb0795ed6223bc69fb9b,True,,256,256,0.1619873046875,0.8432769775390625,120.85337917307518,1249.5794717730284,False,aucun
malade_0316,dataset\malades\malade_0316.jpg,malade,1,14.552,b6ca95251bd1b763dde4596664393b8875cd3928b9566b95bd92ec8e84aaa03e,True,,256,256,0.30865478515625,0.69342041015625,121.54299797553033,2131.955935151174,False,aucun
malade_0317,dataset\malades\malade_0317.jpg,malade,1,15.809,32fdb80adf03a77eb5e1f6c54fc9cc98ab9b9197a04d55df867d32236fd6fc1d,True,,256,256,0.2870635986328125,0.7161102294921875,132.5113251369031,2184.6645203727276,False,aucun
malade_0318,dataset\malades\malade_0318.jpg,malade,1,15.691,750b70aa375bf65bd04cbc65f544fba5819d1979aebf4e90bc81cb75a0f87d88,True,,256,256,0.30145263671875,0.70123291015625,144.97887109409,2949.3047191626815,False,aucun
malade_0319,dataset\malades\malade_0319.jpg,malade,1,13.531,6964af43635127adefa788a25c95bda446a7049987ea3851d1498cacf3fde53e,True,,256,256,0.3761749267578125,0.6294708251953125,126.05037209415073,2612.745574549033,False,aucun
malade_0320,dataset\malades\malade_0320.jpg,malade,1,13.234,15b3136c0c7224232fdbdb70d38dc595627fb641065a9144c61395665b3005b1,True,,256,256,0.4357147216796875,0.567535400390625,104.3742001398075,2766.8534259239573,False,aucun
malade_0321,dataset\malades\malade_0321.jpg,malade,1,13.493,64026d31677c3913b64396700f8ecf34ea6958f56ff27dd6e70e5ba369a59dc4,True,,256,256,0.3690185546875,0.63446044921875,116.54016354016353,2304.3011623808115,False,aucun
malade_0322,dataset\malades\malade_0322.jpg,malade,1,17.313,60f99f303f6d38c17a79800295dc7f6f17b47318d4acd06327c0c83d26c696d0,True,,256,256,0.1903839111328125,0.8128204345703125,124.04135613583885,2399.3026933075253,False,aucun
malade_0323,dataset\malades\malade_0323.jpg,malade,1,13.84,3084a7fdaea39f1b5840378791d3994ee1b36b29de17c89158115d4da4492e0c,True,,256,256,0.4045257568359375,0.6007843017578125,131.39598201813425,2320.7410871671545,False,aucun
malade_0324,dataset\malades\malade_0324.jpg,malade,1,12.73,2b4a4ed882ea80bb0bdc1417458c0c2a40d99ffdf4d903dff6ec90896dcd5a49,True,,256,256,0.4386749267578125,0.565338134765625,111.00175438596492,2221.785082659207,False,aucun
malade_0325,dataset\malades\malade_0325.jpg,malade,1,14.355,7f9ce38cecf23f4da21e837d1b626383298338fa7770c78debdb48841f0dbfc5,True,,256,256,0.3380279541015625,0.664764404296875,118.49001514942846,1946.6884443438842,False,aucun
malade_0326,dataset\malades\malade_0326.jpg,malade,1,12.05,32cc25d3ade0300800697b9a2f7e95df9d91422ec627ab0d85c71239fb59f41c,True,,256,256,0.3834228515625,0.619354248046875,108.48322246858832,1611.124589794981,False,aucun
malade_0327,dataset\malades\malade_0327.jpg,malade,1,14.555,968fdc1f19efa1dc373382bc2c46b7116dd9276cffdaaf516669e67d55939bd3,True,,256,256,0.3882904052734375,0.6179046630859375,119.7644400543277,2864.509332365721,False,aucun
malade_0328,dataset\malades\malade_0328.jpg,malade,1,13.045,0d8d3eb77f98da0ec8e5424d5bd2c4cf7fcd39b7941405796dd00a64e348e4bc,True,,256,256,0.5020904541015625,0.5027923583984375,133.9526569755091,2897.4023225916294,False,aucun
malade_0329,dataset\malades\malade_0329.jpg,malade,1,10.961,232ec63e95761aa695b7a5dc673c3a53c3522e3835fe95f0fd7b6880f61f85bf,True,,256,256,0.4117889404296875,0.59210205078125,119.25275744768581,1078.3185632027082,False,aucun
malade_0330,dataset\malades\malade_0330.jpg,malade,1,11.756,4886cdb9748f995d8713a6f50a58444a81b744b5d4ee0c9122cfc989ebd75c88,True,,256,256,0.4032745361328125,0.60870361328125,136.28296400280757,1853.4210121011681,False,aucun
malade_0331,dataset\malades\malade_0331.jpg,malade,1,16.356,934dde0cd09f97760dea9b4eaa777d61b69beb18cb0d97238839fcb793f956c4,True,,256,256,0.104949951171875,0.898345947265625,127.55685022250908,1309.6829666389572,False,aucun
malade_0332,dataset\malades\malade_0332.jpg,malade,1,14.893,7a66d3d0d279f5584eb4ba713aa62333f725577078585f430e20c6d16a69fde4,True,,256,256,0.4580535888671875,0.547393798828125,140.6894129453086,4119.68931068133,False,aucun
malade_0333,dataset\malades\malade_0333.jpg,malade,1,13.482,406812c523e59d5a4b31a8894a29a2bf6620972a62a55ca083cb1a94951a3e53,True,,256,256,0.2437286376953125,0.7586517333984375,132.96528490114443,1513.3107459986995,False,aucun
malade_0334,dataset\malades\malade_0334.jpg,malade,1,13.611,6e9a396253ca30ca7c155a881ac4ecd025d95780fa22a788c680d8fe28956e3e,True,,256,256,0.349090576171875,0.653594970703125,124.37596302003082,1721.8916382338798,False,aucun
malade_0335,dataset\malades\malade_0335.jpg,malade,1,13.715,a62ed243d8bb6498b2e1833332a335ce57ed88bec40116efe8eed693cd1fa87e,True,,256,256,0.4163970947265625,0.5877532958984375,138.59150029855397,2594.0023870675386,False,aucun
malade_0336,dataset\malades\malade_0336.jpg,malade,1,12.448,822033e5545d6d286d979e20a1e717de8e104df0a42253bced632a1e54f147cb,True,,256,256,0.52020263671875,0.4846649169921875,152.89651481283255,3577.097607009405,False,aucun
malade_0337,dataset\malades\malade_0337.jpg,malade,1,12.292,c87d2df293f5321af757e863d4f613cad0bee093f94be5af93beb076d0a1b246,True,,256,256,0.3539581298828125,0.6504974365234375,142.69634772817903,1618.7165837699256,False,aucun
malade_0338,dataset\malades\malade_0338.jpg,malade,1,11.56,f4ca23c9dd585082a080223d7ae5ee518253bf83bb56446817cfa730b555e871,True,,256,256,0.4412078857421875,0.5633697509765625,128.23810297662578,1615.7064450312116,False,aucun
malade_0339,dataset\malades\malade_0339.jpg,malade,1,15.69,9941e9a534f74907c7f33116f2add702dd3933e8d15d5015e8d145a7cd5750a7,True,,256,256,0.29638671875,0.7086181640625,134.8020887166236,2820.1394394237495,False,aucun
malade_0340,dataset\malades\malade_0340.jpg,malade,1,10.901,1ddb2610ace4e3b6f749be4c881b68a6a3b9965bc9d65113b3ace132deae7267,True,,256,256,0.2574310302734375,0.7451171875,125.46758273263434,709.0898188766921,False,aucun
malade_0341,dataset\malades\malade_0341.jpg,malade,1,17.91,00b9be713d9db53a34ecc1bf7bf02e735b44bd6d7e8bb64aae3642d99883267a,True,,256,256,0.1879119873046875,0.8187408447265625,133.0191960042492,3051.9432637251025,False,aucun
malade_0342,dataset\malades\malade_0342.jpg,malade,1,15.162,5c43a02dc9b3ce10c313407eea7edc0b0ec2ecbbf86de4dca4ea30d83ee54ea9,True,,256,256,0.2825164794921875,0.723663330078125,134.49550879264538,2463.576398806982,False,aucun
malade_0343,dataset\malades\malade_0343.jpg,malade,1,13.303,fdd6ab2b654f81718c8dcebe89b78f082481ed6e6775683dbc2732e84609f70d,True,,256,256,0.4205169677734375,0.5853271484375,138.40810740354536,3029.1518940561996,False,aucun
malade_0344,dataset\malades\malade_0344.jpg,malade,1,12.379,554d0ac754249aa3ac2dfb1fb98643591ae0b7cd3d12f0b0c2e4354f23bacc12,True,,256,256,0.5145263671875,0.4890899658203125,141.3747543131688,3364.777352453997,False,aucun
malade_0345,dataset\malades\malade_0345.jpg,malade,1,11.169,19883ed277b4d0021c49be8459fc63bf0735d4dc0b51a32606394cc6a33e3f0c,True,,256,256,0.4507904052734375,0.5546417236328125,149.48667088503123,1594.5526639666834,False,aucun
malade_0346,dataset\malades\malade_0346.jpg,malade,1,14.021,cb16c391b27f19786eab185225818fe7970da4f20a2d6ca84f6b5f8a4c15ea91,True,,256,256,0.313812255859375,0.6895751953125,135.23247477429635,2161.469121537842,False,aucun
malade_0347,dataset\malades\malade_0347.jpg,malade,1,12.935,db627a760f193f5d0bc095465cc307fec9085d647ce8d9e5c1bd424bb0401052,True,,256,256,0.447265625,0.557403564453125,141.511278401314,3036.3473578073035,False,aucun
malade_0348,dataset\malades\malade_0348.jpg,malade,1,13.645,9f107f8d056e097d75f2ca5dccc4e1a200e5ea50cbed8c9d3de47eadd3cb3926,True,,256,256,0.4132080078125,0.592498779296875,131.28918362091167,2941.5212182556625,False,aucun
malade_0349,dataset\malades\malade_0349.jpg,malade,1,11.953,e3a6b1c2c5f1eb5ea4197339fe2f5ca03ad45042e3ce22a39bf5405f773e546a,True,,256,256,0.26861572265625,0.736328125,141.70552884615384,1251.9433538301364,False,aucun
malade_0350,dataset\malades\malade_0350.jpg,malade,1,15.434,dd3dd85358c7b13c8bda166f1d0210ccaf8bada39652f89b742a11fe27df36bb,True,,256,256,0.262786865234375,0.739959716796875,120.47791479358271,3192.5475225075515,False,aucun
malade_0351,dataset\malades\malade_0351.jpg,malade,1,14.135,13a241aa0fd7df0af72e0af259613f85432d8a9077e943b1791991af604b55bb,True,,256,256,0.421051025390625,0.583038330078125,129.82292593561894,3321.823370335056,False,aucun
malade_0352,dataset\malades\malade_0352.jpg,malade,1,13.06,bdb95a89a53fd1c5c3fe79f35389e8f2ab385cbb458acfccc28f1ff5e3d9a835,True,,256,256,0.36553955078125,0.6355438232421875,146.43019375285107,2181.947034208701,False,aucun
malade_0353,dataset\malades\malade_0353.jpg,malade,1,12.792,fa7e287bd7173d513bd12b808946503b252c97bd7ea08571490828212eadce10,True,,256,256,0.0001678466796875,1.0,118.17942810058594,387.6301465628203,False,aucun
malade_0354,dataset\malades\malade_0354.jpg,malade,1,11.256,b6a516e5faadf9dfed5db42f4c937709f8c6d38319dacf0eadd7972001ee0771,True,,256,256,0.46881103515625,0.5360107421875,122.35740719653838,2644.908867953667,False,aucun
malade_0355,dataset\malades\malade_0355.jpg,malade,1,14.148,7a64b0d708664f1663dd849f68622f6df9a54aecf9beaae4413b8bcf4b5afbc9,True,,256,256,0.4466094970703125,0.5561981201171875,130.7080738525692,3695.5865019781463,False,aucun
malade_0356,dataset\malades\malade_0356.jpg,malade,1,14.689,04f3e69761fb547f6e73f870aac3e92198887752f50bb0f440a8dc350ba5c4b8,True,,256,256,0.3120880126953125,0.6905517578125,138.50220965175887,2346.801265096038,False,aucun
malade_0357,dataset\malades\malade_0357.jpg,malade,1,10.022,80448f5ec7b7efa001eb32cdbcac1eb4ecaf9ca3290f4b41bc0edead878a8141,True,,256,256,0.4556121826171875,0.5495452880859375,132.6767735665695,1577.1847914649998,False,aucun
malade_0358,dataset\malades\malade_0358.jpg,malade,1,11.838,b93c04ede2a35e63222720355c528782c575b0e5f61b0b2353c30349a2654d18,True,,256,256,0.229034423828125,0.7725067138671875,139.3343670373516,858.5444409921009,False,aucun
malade_0359,dataset\malades\malade_0359.jpg,malade,1,15.563,e958c8ecef0d3665189239be87d9ed3b986185dd7b8342b89d774971c7d278db,True,,256,256,0.343902587890625,0.660736083984375,127.84635813588287,2857.691478451091,False,aucun
malade_0360,dataset\malades\malade_0360.jpg,malade,1,12.721,80b1d880af728e76fd5ae69c7768a591c42747e7df9a51553a98ac2f5e5bb81b,True,,256,256,0.4054412841796875,0.598358154296875,141.43974090885908,2418.3308134412273,False,aucun
malade_0361,dataset\malades\malade_0361.jpg,malade,1,14.831,a3e863d196685995a3ed5fb4c3ce6d8aaae6b7dcb6a91afacc46bb8f940a9749,True,,256,256,0.423614501953125,0.5796661376953125,142.66224433388612,3550.2348987056057,False,aucun
malade_0362,dataset\malades\malade_0362.jpg,malade,1,10.664,404d5def3578635ea9cd2f16909d657edf44ff97d6e0be9cbb77bb3aecc96aa6,True,,256,256,0.3569488525390625,0.6453857421875,117.16680064308682,900.5423723024827,False,aucun
malade_0363,dataset\malades\malade_0363.jpg,malade,1,12.682,8bf3547401f7b2e53384372486b7b2f7997466f0ef9794f6183323b7368b4fb5,True,,256,256,0.18927001953125,0.81341552734375,122.9037480303144,1138.5416600067867,False,aucun
malade_0364,dataset\malades\malade_0364.jpg,malade,1,11.835,0ef23daa1eb3b5eb89ed0247019dc00eeef60d63b1b1f5bbe1d30a47cb2d0877,True,,256,256,0.52490234375,0.4793243408203125,130.43883105720562,3116.6416046366417,False,aucun
malade_0365,dataset\malades\malade_0365.jpg,malade,1,12.144,0a0c5700e39a1b51215b581993690957e17bc14c9c627eaa082a0b6a4b9e7553,True,,256,256,0.336090087890625,0.66961669921875,130.22513900282564,1300.363579983024,False,aucun
malade_0366,dataset\malades\malade_0366.jpg,malade,1,11.973,4d1f816d6766f5e4d32af8d6a3e6eec9a01f8f7d4b43a731443b74aa9e98cd81,True,,256,256,0.368743896484375,0.6342620849609375,121.44811990280752,1489.5066756876379,False,aucun
malade_0367,dataset\malades\malade_0367.jpg,malade,1,11.799,a689abcb144b11d7fc621a4889ed6a0c71a94c5b3beeef9f7b3ae92aaf128e3b,True,,256,256,0.381439208984375,0.6218109130859375,131.06642781772226,1206.2177510217616,False,aucun
malade_0368,dataset\malades\malade_0368.jpg,malade,1,13.548,5b5ea559f9aa32f0e431692bc23a9ad863cea637138227fdba9c902017b0dabb,True,,256,256,0.3308868408203125,0.6724700927734375,120.06319348324296,1659.4318139466359,False,aucun
malade_0369,dataset\malades\malade_0369.jpg,malade,1,11.592,aa2180e410461ca4501054f9fdeb7ebddd85b301ab94cfec1a44767dc384fc8a,True,,256,256,0.448394775390625,0.5561370849609375,123.23508107663181,1877.1930368326252,False,aucun
malade_0370,dataset\malades\malade_0370.jpg,malade,1,13.216,a6bd9fcb86a523ccfe40afd64ee55abc9db84b0dc148bc17873f8d95010c2f0e,True,,256,256,0.3086090087890625,0.69580078125,99.23780701754386,1681.9423171668202,False,aucun
malade_0371,dataset\malades\malade_0371.jpg,malade,1,13.771,2b39f2b0ef4f735d41073449606ee37b6fe6edf188ddd68bad80dfc7c339ff08,True,,256,256,0.3598175048828125,0.6441802978515625,140.62773290380653,2561.8524473232983,False,aucun
malade_0372,dataset\malades\malade_0372.jpg,malade,1,10.611,d3517380b13aefa27968c8c082fa29da04a25e79d5124e2c5cb24faafe680728,True,,256,256,0.4922637939453125,0.5132904052734375,135.23356817979132,2743.9632370343475,False,aucun
malade_0373,dataset\malades\malade_0373.jpg,malade,1,14.225,207c224942c00cd0b1010a000c0566c77d5247b024a13d4a8f5f1a34d8ea81ef,True,,256,256,0.4456939697265625,0.5630035400390625,140.62224571103343,4203.086428623114,False,aucun
malade_0374,dataset\malades\malade_0374.jpg,malade,1,14.587,e3d0aa05ed4ea62d98eabc3d61a5b2250bb4029b1dcc6b1514c59b4f3a90a3a8,True,,256,256,0.3003082275390625,0.7072601318359375,125.21630601281525,2431.026436522593,False,aucun
malade_0375,dataset\malades\malade_0375.jpg,malade,1,15.256,32144fb85628657994668e14c90e405ffc0fcf2a8fe8d7455f9b1bdc8e48e7e2,True,,256,256,0.265350341796875,0.7367095947265625,128.84302313539487,2171.4432933466983,False,aucun
malade_0376,dataset\malades\malade_0376.jpg,malade,1,15.098,c611011b04433e4b74e98d6e2ac69bbad1c9da0aa1eccb2b684b794aeeda73e3,True,,256,256,0.3690185546875,0.636138916015625,134.96987287119214,3639.5577922231623,False,aucun
malade_0377,dataset\malades\malade_0377.jpg,malade,1,13.545,9d9f483c146c6cd2a76b5afbc158e16872a57dac0b7a117964bac9ef70f7087a,True,,256,256,0.4227447509765625,0.5793914794921875,131.2485844460246,2707.512957681671,False,aucun
malade_0378,dataset\malades\malade_0378.jpg,malade,1,13.249,fdd071447c0253cff79f7cce6697db06d336ad950ffbf9304665293dcbcff713,True,,256,256,0.517242431640625,0.4869537353515625,129.7506032024567,4066.6389721941364,False,aucun
malade_0379,dataset\malades\malade_0379.jpg,malade,1,12.916,b432485075d69aea63a1032384db0ea883f091759a02bef957cc3e1090f405dc,True,,256,256,0.3874053955078125,0.6161956787109375,149.3672832627591,2223.869892673621,False,aucun
malade_0380,dataset\malades\malade_0380.jpg,malade,1,14.855,ae8fc81a4a5addd0edc9221f9fb11e67a0ee5355f121ed15ad081184b66f0094,True,,256,256,0.1620330810546875,0.8406219482421875,129.43228476520665,1819.1696213219614,False,aucun
malade_0381,dataset\malades\malade_0381.jpg,malade,1,14.911,e939a03c171ee919e2648312819502d8e8de906d08176e6717bb778eb186cf29,True,,256,256,0.379486083984375,0.6250457763671875,137.60017576837635,3584.1293936878697,False,aucun
malade_0382,dataset\malades\malade_0382.jpg,malade,1,13.039,faedb7a9766a86eadb01ab8f4ed7f9edc763fca68ae992885ca4eb174e7c4318,True,,256,256,0.2961578369140625,0.7076873779296875,139.72069255482006,1516.5166164472657,False,aucun
malade_0383,dataset\malades\malade_0383.jpg,malade,1,12.643,3299c24d58055c63d2a3a3933a2fdb41bf3c7e12546b1f2931342fd75c89a26b,True,,256,256,0.42822265625,0.575103759765625,127.63130803926771,2251.436952745516,False,aucun
malade_0384,dataset\malades\malade_0384.jpg,malade,1,12.501,2b256b6b68823f04d6a62ff2b41237ba1c4734ea742f7d045693078b85747d5c,True,,256,256,0.2469635009765625,0.757415771484375,135.55024376485756,1078.2534565106928,False,aucun
malade_0385,dataset\malades\malade_0385.jpg,malade,1,11.673,d35e94b187590ee153b57e5c259c9a2a80558574a704ddcdb188f5bcf089d94b,True,,256,256,0.349700927734375,0.654876708984375,130.86600027960296,1462.1406828309207,False,aucun
malade_0386,dataset\malades\malade_0386.jpg,malade,1,14.152,c724edea8266db18dd6caebe630e5e0300c63a9aa35d94b0c47064eeabb619e6,True,,256,256,0.2654266357421875,0.7376708984375,116.72279910640411,1673.921257536537,False,aucun
malade_0387,dataset\malades\malade_0387.jpg,malade,1,16.176,da33a3834120cd4ff5d517186f1fb29c527534101a5ac42a935dac1fdaf58ad4,True,,256,256,0.213714599609375,0.790771484375,140.69666563754245,2901.873715598037,False,aucun
malade_0388,dataset\malades\malade_0388.jpg,malade,1,11.95,a2a55ee43b835235deab6c167be4b420cd133b5392f637b0c50af1b30a6201e5,True,,256,256,0.542205810546875,0.4611358642578125,141.60302438701567,3377.0349515690273,False,aucun
malade_0389,dataset\malades\malade_0389.jpg,malade,1,10.237,3e25b83b81f705e3025860cf824afa79dffd8780d1b0a284ce75ccd787afdf35,True,,256,256,0.55938720703125,0.444671630859375,124.15475945370942,2825.4206921729215,False,aucun
malade_0390,dataset\malades\malade_0390.jpg,malade,1,11.504,d5b105957babe492f9108348253ca4e3a44f90646adc68aa9e0d32211cc1a50c,True,,256,256,0.24066162109375,0.7615203857421875,146.13847756827698,1042.7195132103143,False,aucun
malade_0391,dataset\malades\malade_0391.jpg,malade,1,11.938,53012b16c2451946bb0711d67c92e1e74b0e17218e96522724c7c67798559a96,True,,256,256,0.4335174560546875,0.5713958740234375,127.78425508051379,2140.547391921254,False,aucun
malade_0392,dataset\malades\malade_0392.jpg,malade,1,14.451,315349bf996fff9db1d1ef009186de194052b20663d8896770126410a850f2d3,True,,256,256,0.3004150390625,0.7037506103515625,133.04689837601092,2049.929619946686,False,aucun
malade_0393,dataset\malades\malade_0393.jpg,malade,1,14.659,5704a4b83fed9967844bfe326fc9b68317c7bcf8c9d1f315c971c716e8fbaa49,True,,256,256,0.2833404541015625,0.71954345703125,121.04514801934006,2061.0968090629044,False,aucun
malade_0394,dataset\malades\malade_0394.jpg,malade,1,16.049,a1826412f9c95ef9a0e2c5841e69b3380b8cfdc8ce61a453c80f0309dffd2b00,True,,256,256,0.2255096435546875,0.77978515625,129.80729492798997,2533.113802996892,False,aucun
malade_0395,dataset\malades\malade_0395.jpg,malade,1,14.829,f8532216dd3c6a9cf62fb7ad939bcce7129ed864db4625847ca2e7113a1cb5b5,True,,256,256,0.4524993896484375,0.553955078125,131.0855277655355,4086.9255188416996,False,aucun
malade_0396,dataset\malades\malade_0396.jpg,malade,1,11.117,674df13a7cb1352bf35b95d8ebd41364050e64beb8c34b387928533efa6fa2ad,True,,256,256,0.3896942138671875,0.613800048828125,114.30733853726446,1300.7571603927345,False,aucun
malade_0397,dataset\malades\malade_0397.jpg,malade,1,14.272,ca580555c4a76a5b6ac36a72eadcadaf21fc09a3059fef0a512fc03fa59c0761,True,,256,256,0.4366302490234375,0.5686492919921875,124.63608554485201,3035.280644509795,False,aucun
malade_0398,dataset\malades\malade_0398.jpg,malade,1,14.385,2d1ceb93c944e1fe485adb6f07c15024499a8750d3cb6fb233c6b8b01048e934,True,,256,256,0.381317138671875,0.622772216796875,120.06536972607438,2529.2977288255925,False,aucun
malade_0399,dataset\malades\malade_0399.jpg,malade,1,13.878,6531c36a68ec9af7f46c410bb82079151d03d0c25763057a99f00c2cb2f97ddc,True,,256,256,0.4753875732421875,0.5305938720703125,138.50214246685647,3977.4765080075586,False,aucun
malade_0400,dataset\malades\malade_0400.jpg,malade,1,17.391,2e770b1099984821d754a8838324418e52dab8230761e2f6e0d27b9d037703cd,True,,256,256,0.1511993408203125,0.8521270751953125,168.33387053451517,2292.644809963459,False,aucun
